word,count
cancer,409
rats,377
cells,355
chronic,351
tumor,282
vascular,262
disease,248
hypertension,244
cell,228
mice,225
nitric,220
oxide,218
receptor,202
lung,193
acute,176
muscle,155
exercise,153
expression,148
rat,147
effects,146
memory,145
factor,141
dna,140
insulin,139
injury,136
blood,132
cytokines,131
renal,129
activity,129
repair,126
pain,125
protein,125
tissue,124
gene,120
model,119
training,119
response,118
stress,117
cachexia,117
pressure,116
resistance,116
role,116
human,111
induced,110
heart,109
function,106
system,105
immune,105
allergic,97
failure,95
effect,93
adipose,92
receptors,92
arthritis,92
growth,89
oxidative,85
walker,85
inflammatory,85
ischemia,84
reactivity,84
skeletal,84
antitumor,82
mouse,81
apoptosis,80
metabolism,79
necrosis,78
macrophages,78
therapy,76
venom,76
experimental,75
b,74
reperfusion,72
patients,71
treatment,68
parkinsons,68
trypanosoma,67
myocardial,65
activation,65
diabetes,64
cardiovascular ,64
dysfunction,63
signaling,63
regeneration,61
endothelial,60
changes,60
control,60
airway,59
cardiac,58
hypertensive,57
kidney,57
fatty,57
breast,56
pathway,56
development,56
associated,56
breathing,56
acid,55
brain,55
neurons,54
angiotensin,54
obesity,53
responses,52
macrophage,52
dendritic,51
improves,51
immunotherapy,50
infection,50
infarction,50
inhibition,50
thyroid,49
nucleus,49
genetic,49
cruzi,48
synthase,48
tumors,48
reduces,48
periodontitis,47
endothelin,46
intestinal,46
exposure,46
cd,46
p,46
nadph,45
diseases,45
central,45
acids,45
il,44
systemic,44
bone,44
c,44
study,44
alzheimers,44
neuropathic,44
spontaneously,43
oxidase,43
proteins,43
genes,43
synthesis,43
production,43
death,42
sympathetic,42
modulation,42
nerve,42
endothelium,41
ii,41
smooth,40
ischemiareperfusion,40
regulation,40
lipid,40
selected,40
induces,40
pulmonary,39
chemotherapy,39
stem,39
mediators,38
type,38
mechanisms,38
cytokine,38
liver,38
increases,38
fibrosis,37
damage,37
early,37
vaccine,37
neutrophils,36
oxygen,36
permeability,36
arterial,36
lines,36
anticancer,36
granulomatous,36
burkholderia,36
levels,36
increased,36
glucose,35
lymphocytes,35
vivo,35
recognition,35
peripheral,35
new,35
tlr,34
interleukin,34
inhibitor,34
snake,34
diabetic,34
peptide,34
potential,34
tumorbearing,34
supplementation,33
remodeling,33
autonomic,33
species,32
degeneration,32
analysis,32
brazilian,32
modulates,32
migration,31
syndrome,31
laser,31
cytotoxicity,31
gland,31
spatial,31
neuroinflammation,31
ouabain,31
involved,31
evaluation,31
tnf,30
immunity,30
eicosanoids,30
slca,30
kinase,30
chagas,29
high,29
nervous,29
aging,29
th,29
adhesion,28
periodontal,28
hydrogen,28
aorta,28
metformin,28
matrix,28
neonatal,28
neurodegeneration,28
administration,28
antibody,28
asthma,27
reactive,27
reaction,27
antibodies,27
metabolic,27
pathways,27
innate,27
oral,27
bothrops,27
hippocampus,27
susceptibility,27
formaldehyde,26
mast,26
adult,26
nfb,26
diet,26
salivary,26
skin,26
murine,26
prevents,26
via,26
stimulation,25
px,25
neutrophil,25
calcium,25
microvascular,25
vaccines,25
drug,25
cellular,25
pristaneinduced,25
physical,25
proinflammatory,25
hypothalamic,25
novel,25
impairment,25
progression,25
different,25
fish,24
chemical,24
molecules,24
behavior,24
cyclooxygenase,24
intrauterine,24
mellitus,24
tolerance,24
molecular,24
cycle,24
plasmodium,24
platelet,23
female,23
interaction,23
low,23
e,23
melatonin,23
studies,23
carcinoma,23
atherosclerosis,23
hyperalgesia,23
animal,23
local,23
protective,23
attenuates,23
decreases,23
inhibits,23
rate,22
release,22
extracellular,22
factors,22
ultraviolet,22
ageing,22
longterm,22
drugs,22
antiinflammatory,22
therapeutic,22
differential,22
sensitivity,22
involvement,22
isolated,22
promotes,22
adrenergic,21
sodium,21
oil,21
respiratory,21
bradykinin,21
colitis,21
cold,21
melanoma,21
loci,21
cognitive,21
proliferation,21
learning,21
mesenchymal ,21
vitro,21
eosinophil,20
complex,20
balance,20
mitochondria,20
hypertrophy,20
lesions,20
xeroderma,20
pigmentosum,20
shock,20
mass,20
mitochondrial,20
blockade,20
phase,20
characterization,20
lps,20
hpv,20
sacchari,20
chronically,20
infected,20
enteric,19
airways,19
marrow,19
tolllike,19
flow,19
enzyme,19
hypothalamus,19
body,19
strains,19
nucleotide,19
adenovirus,19
sciatic,19
spinal,19
food,19
intake,19
survival,19
enhances,19
altered,19
functional,19
reninangiotensin,18
estrogen,18
capsaicin,18
paf,18
cholinergic,18
superoxide,18
leukocytes,18
prostaglandins,18
peptides,18
cervical,18
transplantation,18
rna,18
complement,18
excision,18
brasiliensis,18
polymorphism,18
cortex,18
neuronal,18
antinociception,18
sequence,18
natural,18
evidence,18
impairs,18
influence,18
ischemic,17
lipopolysaccharide,17
hormones,17
dopamine,17
shr,17
glutamate,17
hormone,17
glut,17
models,17
mycoplasma,17
ventricular,17
microscopy,17
hypoxia,17
neural,17
glutathione,17
papillomavirus,17
male,17
mechanism,17
protects,17
specific,17
sex,16
corticosterone,16
peroxide,16
leptin,16
adrenoceptor,16
membrane,16
left,16
aerobic,16
area,16
motor,16
prostaglandin,16
bacteria,16
nramp,16
nephropathy,16
malaria,16
virus,16
electron,16
knockout,16
brazil,16
joint,16
crotoxin,16
regulatory,16
isomerase,16
signalling,16
loss,16
retrotrapezoid,16
obese,16
activating,15
differences,15
contraction,15
generation,15
testosterone,15
biological,15
markers,15
restriction,15
docasalt,15
angiogenesis,15
deficiency,15
adjuvant,15
agents,15
association,15
genetically,15
genome,15
streptozotocin,15
glutamine,15
prostate,15
arteries,15
odontogenic,15
akt,15
allodynia,15
secretion,15
oxidation,15
k,15
old,15
mutation,15
mutations,15
clinical,15
fever,15
expressed,15
offspring,15
participation,15
induce,15
modulate,15
late,15
possible,15
myenteric,14
lname,14
endogenous,14
gender,14
channels,14
plateletactivating,14
antiproliferative,14
light,14
recombinant,14
delivery,14
coronary,14
ester,14
alterations,14
interferon,14
metalloproteinases,14
leukemia,14
na,14
phoneutria,14
opioid,14
adrenocortical,14
wistar,14
xylose,14
de,14
ifn,14
paracoccidioides,14
allograft,14
effector,14
target,14
contributes,14
implications,14
profiles,14
two,14
using,14
estradiol,13
glial,13
neurogenic,13
myd,13
collagen,13
enalapril,13
alveolar,13
rheumatoid,13
hyperreactivity,13
small,13
uv,13
products,13
homeostasis,13
adamts,13
region,13
tgf,13
fos,13
substantia,13
nigra,13
nigriventer,13
methyl,13
asper,13
falciparum,13
white,13
heme,13
disulfide,13
microglia,13
differentially,13
medulla,13
nts,13
moxonidine,13
tumorigenesis,13
alters,13
targets,13
affects,13
increase,13
targeting,13
proximal,12
fluid,12
microbiota,12
ehrlich,12
gut,12
salmonella,12
artery,12
protease,12
glucocorticoids,12
angiotensinconverting,12
brainstem,12
transcriptional,12
qtl,12
phagocytosis,12
splicing,12
plants,12
fear,12
cholesterol,12
invasion,12
selective,12
transmission,12
nox,12
amyloid,12
mobilization,12
sepsis,12
ppar,12
pump,12
mucosal,12
eae,12
behavioral,12
infusion,12
brown,12
temporomandibular,12
crotalphine,12
hiv,12
surface,12
strength,12
sleep,12
activities,12
following,12
restores,12
induction,12
maximal,12
related,12
transport,11
amphetamine,11
leukocyte,11
responsiveness,11
pathology,11
islets,11
fencamfamine,11
ampk,11
actions,11
pregnancy,11
endotheliumderived,11
weight,11
content,11
dorsal,11
igg,11
lymphocyte,11
properties,11
cytotoxic,11
antigen,11
immunoglobulin,11
polymorphisms,11
carcinogenesis,11
instability,11
working,11
inhibitors,11
amino,11
nuclear,11
cutaneous,11
comparative,11
interactions,11
chemotaxis,11
neuroprotection,11
unpredictable,11
dietary,11
tissues,11
hippocampal,11
systems,11
substance,11
hypothermia,11
leucine,11
smad,11
antigens,11
atpase,11
dectin,11
inflammasome,11
papillary,11
dietinduced,11
nhe,11
mediated,11
due,11
recruitment,11
upon,11
impaired,11
phenotype,11
impact,11
distinct,11
antioxidant,10
naphthoquinone,10
mesenteric,10
sensory,10
lavage,10
leukotriene,10
ros,10
level,10
highfat,10
erk,10
laminin,10
deoxycorticosterone,10
ventricle,10
derived,10
spontaneous,10
indomethacin,10
vegf,10
plasma,10
antagonists,10
pancreatitis,10
pancreatic,10
cox,10
polyunsaturated,10
edema,10
reactions,10
linkage,10
quantitative,10
irradiation,10
transfer,10
proteasome,10
arrest,10
imaging,10
l,10
parasite,10
mucosa,10
variability,10
profile,10
use,10
intracellular,10
spectrometry,10
bdnf,10
retinal,10
retina,10
autoimmune,10
chain,10
myeloid,10
carnitine,10
colon,10
energy,10
lowlevel,10
maze,10
raphe,10
sulfide,10
muscarinic,10
pla,10
intraductal,10
sarcoma,10
toxicity,10
xlinked,10
children,10
free,10
transgenic,10
multiple,10
maintenance,10
oxygenase,10
modulated,10
sugarcane,10
unfolded,10
spider,10
diversity,10
glucocorticoid,10
recovery,10
graft,10
formation,10
coli,10
phenylephrine,10
normal,10
produced,10
mediates,10
expressing,10
infinf,10
beneficial,10
escherichia,10
minimal,10
supsup,10
involves,10
reverses,10
endotoxin,9
paracoccidioidomycosis,9
bronchoalveolar,9
sensitization,9
diagnosis,9
foxoa,9
maternal,9
malnutrition,9
et,9
ovarian,9
structural,9
mortality,9
immunoreactivity,9
baroreflex,9
paraventricular,9
radiotherapy,9
fat,9
combination,9
modification,9
immunomodulation,9
metastasis,9
cardiomyopathy,9
redox,9
autophagy,9
caulobacter,9
crescentus,9
mutagenesis,9
transcription,9
inhibitory,9
urinary,9
transporter,9
culture,9
sea,9
herpes,9
comparison,9
ohda,9
gsk,9
status,9
cord,9
platelets,9
composition,9
ca,9
water,9
elderly,9
muscles,9
bladder,9
immunodeficiency,9
infections,9
crotalus,9
durissus,9
cns,9
lactate,9
h,9
host,9
idiopathic,9
urticaria,9
oblongata,9
galectin,9
kinin,9
immunization,9
extract,9
reduction,9
chemoreflex,9
prion,9
load,9
caused,9
regulated,9
tetrahydrobiopterin,9
enhanced,9
exacerbates,9
infiltration,9
cdsupsup,9
regulates,9
iv,8
preconditioning,8
agonists,8
g,8
coding,8
progesterone,8
molecule,8
enzymes,8
bronchial,8
pentoxifylline,8
accumulation,8
glands,8
disorders,8
dopaminergic,8
activated,8
noradrenaline,8
basal,8
undernutrition,8
microcirculation,8
axis,8
oxytocin,8
immunohistochemistry,8
microenvironment,8
lipids,8
n,8
binding,8
dexamethasone,8
immunosuppression,8
immunological,8
programmed,8
priming,8
blockage,8
nk,8
pas,8
trait,8
cisplatin,8
radiation,8
polymerase,8
doxorubicin,8
cosmomycin,8
group,8
biosynthesis,8
cognition,8
reverse,8
micrornas,8
antigeninduced,8
chemokine,8
phagocytes,8
alzheimer,8
analgesia,8
mild,8
neuropathy,8
transection,8
situ,8
hepatic,8
lesion,8
short,8
alpha,8
naproxen,8
palmitoyltransferase,8
organs,8
rabbit,8
mptp,8
striatum,8
biology,8
bay,8
trial,8
naphthoquinones,8
antitumoral,8
derivatives,8
gastric,8
primary,8
monocytes,8
glioma,8
eosinophilic,8
terrificus,8
epilepsy,8
transporters,8
temperature,8
anorexia,8
resolution,8
polyhydroxybutyrate,8
sp,8
adolescent,8
endostatin,8
rodent,8
adenosine,8
suppressor,8
tcell,8
novo,8
adipocyte,8
endurance,8
heterogeneity,8
peritoneal,8
red,8
commissural,8
hyperactivity,8
dehydrogenase,8
environment,8
severe,8
lpsinduced,8
dependent,8
challenge,8
causes,8
resistant,8
simplex,8
glycoprotein,8
present,8
formerly,8
leads,8
deficient,8
decreased,8
treated,8
efficacy,8
shortterm,8
merozoite,8
randomized,8
prevent,8
mononuclear,8
chemosensory,8
glomerular,7
plexus,7
chemokines,7
lymph,7
fibers,7
anaphylaxis,7
outflow,7
circadian,7
healing,7
monosodium,7
relaxation,7
anion,7
antagonist,7
vitamin,7
relaxing,7
salt,7
baroreceptors,7
myocardium,7
baroreceptor,7
vasopressin,7
transforming,7
ulcerative,7
tumorinfiltrating,7
ethanol,7
injection,7
immunology,7
isotypes,7
biogel,7
ear,7
modifier,7
adaptive,7
oncogene,7
xanthomonas,7
evolution,7
temporal,7
action,7
index,7
advanced,7
subcutaneous,7
lectin,7
compounds,7
proteases,7
tyrosine,7
urchin,7
leishmaniasis,7
ph,7
ccr,7
bcg,7
neurogenesis,7
refolding,7
ngf,7
intermittent,7
pilocarpine,7
distribution,7
clearance,7
photoreceptor,7
gaba,7
hyperglycaemia,7
cyclopentenone,7
gmp,7
erythrocytes,7
nakatpase,7
state,7
neuromuscular,7
pars,7
compacta,7
caudal,7
epithelial,7
pattern,7
phospholipase,7
chronotropic,7
anxiety,7
ischaemic,7
nnitrolarginine,7
jararaca,7
ceramide,7
nanoemulsion,7
medicine,7
hydrazones,7
immunomodulatory,7
cybb,7
monoclonal,7
hemopressin,7
sclerosis,7
pharmacological,7
differentiation,7
serum,7
mrna,7
atrophy,7
agerelated,7
programming,7
thth,7
parkinson,7
mtorc,7
rapamycin,7
contractility,7
anthracycline,7
purinergic,7
chemoreceptor,7
locus,7
correlation,7
contribute,7
circulating,7
streptozotocininduced,7
inducible,7
signals,7
approach,7
modify,7
stimuli,7
stimulates,7
improved,7
undernourished,7
concentration,7
adulthood,7
thioglycollateelicited,7
yac,7
cultured,7
vaccination,7
regulate,7
vivax,7
trypomastigotes,7
identification,7
independent,7
threedimensional,7
one,7
lipopolysaccharideinduced,7
disruption,7
platform,7
anesthetized,7
isoproterenol,6
tubule,6
peptidase,6
phosphorylation,6
blue,6
ileum,6
anaphylactic,6
hyperresponsiveness,6
social,6
uptake,6
imipramine,6
wound,6
stromal,6
antagonism,6
losartan,6
histamine,6
fetal,6
microvessels,6
thoracic,6
remodelling,6
density,6
vagus,6
reflex,6
complexes,6
ige,6
allergy,6
cyclophosphamide,6
adaptation,6
design,6
analogue,6
mcf,6
plant,6
extracts,6
kras,6
snps,6
immunogenetics,6
microarray,6
genotyping,6
atrox,6
spleen,6
homologous,6
alternative,6
review,6
glioblastoma,6
perfusion,6
arabidopsis,6
ganglia,6
visual,6
processes,6
leishmania,6
epidermal,6
cytoskeleton,6
course,6
beta,6
porphyromonas,6
resorption,6
pineal,6
fluorogold,6
connective,6
metalloproteinase,6
syndecan,6
treadmill,6
tau,6
performance,6
hypercapnia,6
satellite,6
ganglion,6
rd,6
butyrate,6
calpain,6
arachidonic,6
trans,6
saturated,6
nuclei,6
neurodegenerative,6
immunosuppressive,6
intestine,6
enterotoxin,6
soluble,6
carrageenan,6
right,6
atria,6
phospholipases,6
pathophysiology,6
progressive,6
paw,6
phagocyte,6
transcriptome,6
tuberculosis,6
interferongamma,6
candidiasis,6
radicals,6
single,6
pc,6
endoplasmic,6
reticulum,6
er,6
genetics,6
research,6
polarization,6
fasting,6
cfos,6
radicicol,6
oppa,6
citri,6
pathogen,6
alcohol,6
gastrointestinal,6
atp,6
killer,6
klotho,6
mtor,6
macular,6
toxoplasma,6
gondii,6
transplant,6
ho,6
volume,6
quality,6
consumption,6
allergenfree,6
allergen,6
leukotrienes,6
ligand,6
dental,6
parasympathetic,6
agonist,6
arginine,6
biomarkers,6
ouabaininduced,6
prostanoids,6
mercury,6
tail,6
bed,6
perfused,6
glomerulonephritis,6
pioglitazone,6
cachectic,6
erratum,6
underlying,6
differently,6
independently,6
severity,6
obesityassociated,6
downregulation,6
acetatesalt,6
postnatal,6
evidences,6
conscious,6
part,6
toward,6
susceptible,6
application,6
interact,6
modulating,6
bearing,6
alleles,6
aspects,6
major,6
ultravioletinduced,6
insights,6
found,6
deficits,6
microglial,6
controlled,6
reduce,6
upregulation,6
multifunctional,6
potent,6
suppress,6
refolded,6
ameliorate,6
overexpression,6
antinociceptive,6
correlated,6
secondary,6
helper,5
brilliant,5
diesel,5
hydroquinone,5
ovalbumin,5
submandibular,5
hybridization,5
neurotransmitters,5
cytochrome,5
perivascular,5
protection,5
arterioles,5
venules,5
denervation,5
tract,5
strain,5
hypertonic,5
inos,5
bowel,5
arthus,5
hydrocarbon,5
degradation,5
therapies,5
liposomes,5
rpf,5
pmn,5
selection,5
forest,5
cruzipain,5
pdl,5
variant,5
genomic,5
singlet,5
eta,5
xpa,5
fas,5
photorepair,5
time,5
attention,5
strategy,5
functions,5
glycation,5
electrical,5
amazonensis,5
erbb,5
multidrug,5
mitotic,5
marine,5
endocrine,5
actin,5
prevalence,5
pulp,5
actinomycetemcomitans,5
yeast,5
tumour,5
cerebral,5
inclusion,5
caspase,5
cystic,5
carvacrol,5
elevated,5
drg,5
eifa,5
par,5
sa,5
behaviour,5
muscular,5
propionate,5
long,5
cyclic,5
sod,5
regions,5
mrpgsx,5
peroxidation,5
placenta,5
lymphoid,5
scanning,5
lateral,5
contextual,5
pallidus,5
metastatic,5
renovascular,5
aggregation,5
eosinophils,5
staphylococcal,5
nos,5
serotonin,5
adrenoceptors,5
nitrolarginine,5
kinins,5
nonsteroidal,5
ablation,5
blockers,5
interstitial,5
malignant,5
synovial,5
immunecomplex,5
nanocarrier,5
helicase,5
line,5
assay,5
marker,5
pneumonia,5
recurrent,5
display,5
constriction,5
maturation,5
plasticity,5
saliva,5
adrenal,5
atrogin,5
cyclosporin,5
oncoprotein,5
gd,5
lymphocytic,5
antiil,5
iodine,5
enhancement,5
celecoxib,5
trigeminal,5
ctype,5
gingival,5
periaqueductal,5
gray,5
astrocytes,5
gabapentin,5
opioids,5
phenotypic,5
domain,5
neurotrophic,5
withdrawal,5
pons,5
dual,5
nociception,5
bacterial,5
nephrotoxicity,5
lipogenesis,5
steatosis,5
lcarnitine,5
capacity,5
biochemical,5
uveitis,5
affinity,5
thalassophryne,5
longlived,5
test,5
active,5
mycobacteria,5
mir,5
microrna,5
mirna,5
activin,5
caries,5
synaptic,5
pathogenesis,5
bioenergetics,5
aldehyde,5
pkc,5
onset,5
moderate,5
abdominal,5
kallikreinkinin,5
antifungal,5
transduction,5
tubular,5
activator,5
pneumoniae,5
sustained,5
lithium,5
mevalonate,5
plasmacytoid,5
inhalation,5
suppresses,5
insult,5
influx,5
reduced,5
immunecomplexinduced,5
neurochemical,5
cellmediated,5
like,5
improvement,5
parameters,5
correction,5
aggravates,5
ambient,5
pollutant,5
timedependent,5
adjustments,5
normotensive,5
affect,5
protect,5
rabbits,5
displays,5
may,5
several,5
component,5
somatic,5
determine,5
common,5
events,5
cruziinfected,5
patient,5
case,5
population,5
activates,5
subpatent,5
roles,5
repairdeficient,5
sufficient,5
defects,5
animals,5
predatory,5
variants,5
streptomyces,5
olindensis,5
lamininderived,5
analgesic,5
approaches,5
agent,5
ameliorates,5
essential,5
carrageenaninduced,5
nanoemulsions,5
first,5
report,5
important,5
fused,5
towards,5
critical,5
triggered,5
reabsorption,4
cpgodn,4
bifidobacterium,4
longum,4
cannabidiol,4
submucosal,4
exhaust,4
trpv,4
ards,4
degranulation,4
myeloperoxidase,4
chronopharmacology,4
rhythms,4
hete,4
risk,4
sexual,4
disorder,4
nutrient,4
pikakt,4
prenatal,4
diclofenac,4
fraction,4
nutrition,4
hypothalamuspituitarythyroid,4
perchlorate,4
hindlimb,4
postrema,4
capillaries,4
capillary,4
v,4
life,4
solitary,4
aortic,4
head,4
squamous,4
pafr,4
mycoplasmal,4
superantigen,4
lupus,4
erythematosus,4
saline,4
carbon,4
pneumoperitoneum,4
endstage,4
oedema,4
nitroprusside,4
reversed,4
exiguobacterium,4
monocytederived,4
antineoplastic,4
phospholipids,4
edelfosine,4
cationic,4
derivative,4
sulfonamide,4
escape,4
ascites,4
polymorphonuclear,4
persistence,4
ahr,4
aryl,4
antibodyselected,4
congopain,4
kilifi,4
savannah,4
congolense,4
follicular,4
phylogeny,4
replication,4
pyrimidine,4
end,4
anemia,4
nanoparticles,4
viral,4
keratinocytes,4
trichothiodystrophy,4
thaliana,4
thymidine,4
defensive,4
perception,4
isolation,4
hyperglycemia,4
parkinsonism,4
papain,4
geodiamolide,4
sponge,4
nude,4
heat,4
visceral,4
gingivalis,4
gingivitis,4
native,4
imprinting,4
fibrosarcoma,4
gpnmb,4
fibroblasts,4
ameloblastoma,4
adenoid,4
adenocarcinoma,4
fenofibrate,4
peptidomics,4
schizophrenia,4
thimet,4
egr,4
pag,4
omega,4
connexin,4
handling,4
bacterium,4
reductase,4
bcrabl,4
hl,4
imatinib,4
chemotherapeutics,4
clenbuterol,4
dismutase,4
transient,4
triiodothyronine,4
photobiomodulation,4
junction,4
corrosion,4
retrograde,4
tracers,4
trueblue,4
cfiber,4
venoms,4
ht,4
diazepam,4
compound,4
pleurisy,4
larginine,4
mycophenolate,4
mofetil,4
portal,4
glomerulosclerosis,4
iloprost,4
cardiopathy,4
x,4
kallikrein,4
channel,4
nephritis,4
toxins,4
pge,4
integrin,4
discovery,4
piplartine,4
polysaccharide,4
relationship,4
embryos,4
monocyte,4
array,4
autoimmunity,4
gpphox,4
cannabinoid,4
root,4
folding,4
hypotension,4
depression,4
kinases,4
putative,4
pod,4
sf,4
protooncogene,4
thermogenesis,4
trail,4
oncogenes,4
dermcidin,4
pglycoprotein,4
polyhydroxyalkanoate,4
sucrose,4
utilization,4
crosssensitization,4
atb,4
kaolininduced,4
neurokinin,4
tachykinin,4
atrial,4
anterior,4
morphine,4
biozzi,4
anoxia,4
brainderived,4
acetylcholinesterase,4
exercises,4
knee,4
osteoarthritis,4
antimicrobial,4
neuroplasticity,4
stressinduced,4
lipolysis,4
adipocytes,4
overload,4
acutephase,4
cancercachexia,4
adiponectin,4
nutritional,4
running,4
hydoxymethylbutyrate,4
methylation,4
hepatitis,4
arrhythmias,4
eye,4
nattereri,4
bioactive,4
loxosceles,4
tityus,4
hemorrhagic,4
material,4
resident,4
oncoproteins,4
tumorcell,4
candida,4
mutans,4
rnas,4
dorsomedial,4
tumorassociated,4
glycogen,4
imbalance,4
intolerance,4
network,4
gluconeogenesis,4
dyslipidemia,4
aldosterone,4
isoform,4
tone,4
chemoreception,4
chemoreceptors,4
ventrolateral,4
fungi,4
gold,4
editorial,4
disseminated,4
nephrectomy,4
acetylcholine,4
nicotine,4
nicotinic,4
rejection,4
serine,4
healthy,4
humans,4
results,4
doses,4
ainfinf,4
remote,4
clock,4
exogenous,4
pruritus,4
crucial,4
iiinduced,4
oglcnacylation,4
improve,4
infbinf,4
inactivation,4
macrovessels,4
hene,4
morphological,4
absence,4
individuals,4
binfinf,4
arginini,4
persistent,4
frequency,4
subset,4
papillomavirusassociated,4
braf,4
socs,4
preclinical,4
vector,4
expansion,4
correlates,4
phenotypes,4
germline,4
provoked,4
polyacrylamide,4
beads,4
r,4
phenotypeselected,4
inflammation,4
searching,4
determinants,4
parasites,4
infectious,4
berghei,4
plays,4
chabaudi,4
parasitemia,4
clone,4
downregulated,4
three,4
allele,4
containing,4
repairrelated,4
tags,4
ests,4
anteromedial,4
thalamic,4
threats,4
emotional,4
changing,4
monthold,4
geodia,4
corticostylifera,4
msp,4
allelic,4
producer,4
detection,4
interferences,4
tumourbearing,4
hemiparkinsonian,4
understanding,4
initial,4
doubleblind,4
infarcted,4
developing,4
supplemented,4
purified,4
family,4
dogs,4
armed,4
saint,4
based,4
attenuate,4
overall,4
regulator,4
damaged,4
applications,4
nafld,4
lead,4
cbl,4
treat,4
microbiological,4
mira,4
nlrp,4
hyperactivityinduced,4
phoxbexpressing,4
hemodynamics,3
dipeptidyl,3
adjuvants,3
ova,3
probiotic,3
mechanics,3
mk,3
lymphatic,3
hypothesis,3
particles,3
oestrogen,3
metyrapone,3
pancreas,3
open,3
field,3
neurotransmitter,3
antidepressant,3
leucocyte,3
senescence,3
prostacyclin,3
radical,3
thromboxane,3
inbred,3
contracting,3
vasodilators,3
kc,3
outcomes,3
sinoaortic,3
tachycardia,3
tractus,3
solitarii,3
trained,3
coarctation,3
renin,3
reflexes,3
neuropeptides,3
neck,3
repopulation,3
clp,3
oxldl,3
peroxidase,3
endothelins,3
hypersensitivity,3
latephase,3
subsets,3
antarcticum,3
repertoire,3
dc,3
caspaseindependent,3
method,3
mdamb,3
xray,3
exosomes,3
immunogenicity,3
membraneanchored,3
translational,3
genomewide,3
snp,3
heredity,3
dmba,3
disequilibrium,3
listeria,3
monocytogenes,3
typhimurium,3
pcr,3
rangeli,3
patternrecognition,3
process,3
gap,3
imuc,3
mismatch,3
mutators,3
muty,3
proteolysis,3
atr,3
dimers,3
global,3
photolyase,3
endonuclease,3
organization,3
xanthomonadales,3
coupled,3
cpdphotolyase,3
modified,3
xpb,3
thiamine,3
atorvastatin,3
factoralpha,3
shrimp,3
signs,3
incorporation,3
egg,3
confocal,3
modulator,3
homocysteine,3
parf,3
periodontopathogens,3
invertebrate,3
amphioxus,3
branchiostoma,3
asynchronous,3
reference,3
migraine,3
chronobiology,3
chick,3
toxin,3
cmet,3
hgf,3
integrins,3
myoepithelioma,3
prevention,3
hypoxiaischemia,3
mpz,3
hypoxicischemic,3
oligopeptidases,3
hydroxylase,3
translation,3
cloning,3
neuropeptide,3
factorb,3
soccer,3
tetanic,3
tcells,3
docosahexaenoic,3
tbars,3
intermediary,3
glutaminase,3
mg,3
gsx,3
mrp,3
glycolysis,3
pseudomonas,3
highresolution,3
latex,3
methods,3
morphology,3
hrsem,3
histochemistry,3
medial,3
palatine,3
afferent,3
dryland,3
foraging,3
arousal,3
incertohypothalamic,3
motivated,3
hydroxydopamine,3
cued,3
task,3
mammillary,3
delayed,3
uncoupling,3
embryo,3
pregnant,3
reproductive,3
monoxide,3
defense,3
ulcer,3
cyclase,3
contractile,3
heparin,3
phylogenetic,3
cardiomyocyte,3
proteoglycans,3
propranolol,3
nifedipine,3
negative,3
albuminuria,3
antivenom,3
myotoxic,3
myonecrosis,3
domains,3
asp,3
lys,3
peritonitis,3
laticifer,3
sargassum,3
chloroquine,3
quinoline,3
hemolysis,3
calotropis,3
procera,3
alkaloids,3
trypanocidal,3
piperine,3
biflorin,3
capraria,3
biflora,3
seaweed,3
cdna,3
gp,3
immunologic,3
granulocyte,3
burst,3
gx,3
technetiumm,3
cb,3
abuse,3
gproteincoupled,3
prophylactic,3
pediatric,3
tcf,3
fast,3
hsv,3
oxidases,3
map,3
pyroptosis,3
bcl,3
caspases,3
cyclindependent,3
bloodbrain,3
barrier,3
aldehydes,3
total,3
xyla,3
paclitaxel,3
pha,3
biodegradable,3
rrna,3
polyhydroxybutyratecohydroxyvalerate,3
flavonoid,3
colonystimulating,3
mechanical,3
natriuretic,3
thrombosis,3
trafficking,3
grp,3
postoperative,3
painrelated,3
astrocyte,3
collageninduced,3
deprivation,3
szary,3
intervention,3
preparations,3
product,3
seminalis,3
fusarium,3
cepacia,3
endophytic,3
frontal,3
adenine,3
nmda,3
leptospira,3
appetite,3
wasting,3
crosstalk,3
steroid,3
lean,3
kupffer,3
u,3
microbial,3
egf,3
epithelium,3
vanilloid,3
kunitz,3
ambulatory,3
mobility,3
branched,3
oligodeoxynucleotides,3
fungus,3
cluster,3
ibuprofen,3
osmotic,3
serrulatus,3
increasing,3
aggregatibacter,3
plaque,3
streptococci,3
oligomers,3
ascitic,3
coagulation,3
sympathoexcitation,3
cocaine,3
myosin,3
variation,3
deletion,3
mapk,3
antibiotic,3
ntype,3
splice,3
isoforms,3
pyridostigmine,3
ischaemiareperfusion,3
machinery,3
palmitoleic,3
prism,3
coupling,3
exchanger,3
circulation,3
contractions,3
amygdala,3
rapid,3
rtn,3
antihypertensive,3
imidazoline,3
spp,3
isolates,3
incidence,3
transition,3
signal,3
ckd,3
progenitor,3
older,3
klebsiella,3
adiposederived,3
preeclampsia,3
cyclosporine,3
dnahsp,3
donor,3
enriched,3
br,3
hydroxy,3
rhoa,3
sykcoupled,3
yearold,3
harmful,3
exacerbated,3
abolishes,3
submitted,3
subpopulations,3
ovary,3
upregulates,3
subchronic,3
complexinduced,3
night,3
insulinotropic,3
promoter,3
apomorphine,3
striatal,3
antitoll,3
diminishes,3
regardless,3
obesemsg,3
emerging,3
hyperthyroidism,3
women,3
stimulatory,3
vasodilator,3
constrictor,3
utero,3
analogues,3
show,3
benefits,3
preserves,3
integration,3
measurements,3
goats,3
promising,3
prosurvival,3
einfinf,3
parenteral,3
articular,3
argininiinfected,3
effective,3
iii,3
gh,3
used,3
antarctic,3
soil,3
deregulation,3
integrated,3
candidate,3
targeted,3
synergistic,3
cc,3
rtm,3
phenotypically,3
woundhealing,3
traits,3
subgroups,3
data,3
among,3
autosomal,3
anka,3
tinfreginf,3
destruction,3
cruzichronically,3
decline,3
parasitespecific,3
parasitism,3
carrying,3
patterns,3
apoptotic,3
amounts,3
recover,3
uvresistance,3
mutant,3
influences,3
acquisition,3
herpesvirus,3
green,3
rodents,3
characteristics,3
without,3
types,3
tests,3
relation,3
elicited,3
copy,3
number,3
fate,3
histological,3
challenges,3
young,3
tributyrin,3
highfatfed,3
lightinduced,3
gtpase,3
rac,3
confers,3
intratumoral,3
combined,3
four,3
amazon,3
daufpe,3
clostridium,3
pathogens,3
promote,3
presence,3
standard,3
tumoral,3
keratocystic,3
ag,3
bond,3
subcellular,3
nociceptive,3
intracerebroventricular,3
smoke,3
myelin,3
zero,3
hydroxydopamineinduced,3
hinders,3
factorinduced,3
components,3
enhance,3
examination,3
interventions,3
delays,3
undergoing,3
thermogenic,3
redoxsensitive,3
strategies,3
hormonal,3
fed,3
neuroprotective,3
tumorigenic,3
could,3
support,3
dose,3
key,3
leaves,3
absolute,3
versus,3
update,3
radiolabeled,3
able,3
acts,3
turnover,3
migrate,3
well,3
secreted,3
cross,3
hpvassociated,3
previously,3
preferentially,3
antigenspecific,3
oligopeptidebinding,3
encoded,3
citrus,3
axonopodis,3
pv,3
manner,3
rescues,3
substrates,3
nanocarriers,3
improving,3
uncaria,3
tomentosa,3
nkinfinf,3
largininenitric,3
oxidecyclic,3
atpsensitive,3
acting,3
encoding,3
subjects,3
threshold,3
stage,3
suppression,3
nm,3
deregulated,3
nasupsup,3
ksupsupatpase,3
nfbtnf,3
nephrectomyinduced,3
gestation,3
arquivos,3
brasileiros,3
cardiologia,3
frequencylow,3
murf,3
psk,3
household,3
disinfectants,3
boost,3
mycobacterium,3
endometrialderived,3
heterologous,3
leading,3
blomia,3
tropicalis,3
allergens,3
shifts,3
thmediated,3
neutrophilic,3
required,3
noncoding,3
carcinomas,3
observed,3
challenged,3
haplotypes,3
hypertensioninvolvement,3
puzzle,3
restore,3
negatively,3
contribution,3
aki,3
prevented,3
microdose,3
consolidation,3
filtration,2
excretion,2
verapamil,2
alum,2
mycosis,2
ovariectomy,2
cannabinoids,2
catecholamine,2
tracheal,2
hpaaxis,2
methylenedioxymethamphetamine,2
ecstasy,2
oxidants,2
nitrogen,2
hygiene,2
pecam,2
cdr,2
occlusion,2
trauma,2
distress,2
nonitric,2
discrete,2
hypercatabolism,2
locomotion,2
antidepressants,2
motherinfant,2
relations,2
prooxidant,2
hypoactive,2
desire,2
csrc,2
castration,2
leukocyteendothelium,2
transgenerational,2
difference,2
nacetylglucosamine,2
rhoarhokinase,2
nongenomic,2
enos,2
oestradiol,2
shear,2
coverting,2
nitricoxide,2
dimorphism,2
ejection,2
birth,2
hyperpolarizing,2
oneclip,2
twokidney,2
hydralazine,2
acetate,2
vasoconstrictors,2
osteocalcin,2
geneprotein,2
gracilis,2
wistarkyoto,2
benefit,2
elastic,2
fibres,2
fourth,2
bradycardia,2
areas,2
caliber,2
resetting,2
epigenetic,2
sterile,2
ali,2
lipoproteins,2
dioxide,2
sirs,2
oxidized,2
mam,2
emulsion,2
zymosan,2
bal,2
hemorrhage,2
glucosidase,2
tumorspecific,2
phosphoethanolamine,2
arylsulfonylhydrazone,2
hybrid,2
alkyl,2
intrinsic,2
mastoparan,2
bfd,2
sorafenib,2
pfaffia,2
paniculata,2
cerebrospinal,2
cachectin,2
ruminant,2
trypanosomosis,2
cathepsin,2
llike,2
lineages,2
rangelipain,2
cyclooxygenases,2
sos,2
polymerases,2
recombination,2
cyclobutane,2
fanconi,2
ubiquitin,2
xpc,2
integrity,2
xpg,2
fibroblast,2
genotoxicity,2
ataxia,2
syndromes,2
interference,2
chromatin,2
anthracyclines,2
wafcip,2
quiescent,2
ppphotolyase,2
adenoviral,2
vectors,2
myoblast,2
cockaynes,2
fpg,2
ganciclovir,2
tfiih,2
thi,2
order,2
voluntary,2
ligation,2
endproducts,2
complications,2
sirtuin,2
statin,2
reporter,2
substrate,2
cotransporter,2
chymostatin,2
smell,2
chediakhigashi,2
brdu,2
synchronization,2
micronucleus,2
pterocarpan,2
hair,2
follicle,2
topical,2
microscope,2
burden,2
tamoxifen,2
calpainlike,2
brucei,2
terpene,2
switch,2
cancers,2
mirb,2
ptc,2
movement,2
gtp,2
nod,2
adaptor,2
colorectal,2
comorbidity,2
necrotic,2
actinobacillus,2
histology,2
echinoderm,2
echinometra,2
lucunter,2
notothenia,2
coriiceps,2
hemocytes,2
onychophora,2
peripatus,2
acacioi,2
cephalochordata,2
physiology,2
reproduction,2
rhythm,2
hyperstriatum,2
ventrale,2
aggregates,2
cholera,2
hydrostatic,2
bodies,2
fibrosarcospheres,2
microtumors,2
cystogenesis,2
hif,2
basement,2
ahnak,2
vesicles,2
microvesicles,2
biocompatible,2
lowgrade,2
tdzd,2
neurofilaments,2
synapsin,2
pgc,2
trpm,2
encephalopathy,2
anova,2
dhsc,2
mcs,2
pb,2
pfa,2
tmaze,2
ka,2
ian,2
trp,2
zif,2
epilepticus,2
junctions,2
varicosity,2
hek,2
knrkpar,2
icam,2
amacrine,2
immediate,2
kainate,2
andnohydroxymethylisoxasolepropionate,2
indoor,2
dystrophy,2
acidrich,2
mhc,2
oleic,2
linoleic,2
anaerobic,2
shortchain,2
feeding,2
pgj,2
rnai,2
thiazolidinedione,2
eicosapentaenoic,2
microregions,2
hyperlipidemia,2
catalase,2
phosphatedependent,2
zn,2
palmitole,2
glycerolipids,2
bran,2
secretory,2
otitis,2
media,2
nasopharynx,2
f,2
morphometric,2
ultrastructure,2
asphyxia,2
angioarchitecture,2
mercox,2
casts,2
tem,2
fiber,2
microscopyqualitative,2
cast,2
predator,2
habit,2
tegmental,2
ldopa,2
kappa,2
rostromedial,2
zona,2
incerta,2
tuberomammillary,2
serontonergic,2
chemoprevention,2
cgmp,2
cystometry,2
enterotoxins,2
muta,2
embolism,2
caloric,2
ring,2
proteomics,2
protamine,2
myotoxin,2
sgc,2
stimulator,2
clarithromycin,2
ccl,2
cirrhosis,2
bromide,2
plus,2
infarctions,2
hoe,2
captopril,2
glomerulopathy,2
glomerulus,2
edrf,2
lipidomics,2
pouch,2
combretum,2
fruticosum,2
lignans,2
biotechnology,2
folk,2
pepper,2
piperaceae,2
alginate,2
vulgare,2
passiflora,2
edulis,2
northeastern,2
cyclization,2
lapachol,2
benzothiazoles,2
fluorouracil,2
phthalimides,2
brine,2
antibacterial,2
copperii,2
tautomerism,2
antileishmanial,2
duguetia,2
furfuracea,2
champia,2
feldmannii,2
sulfated,2
glucan,2
ascidians,2
eudistoma,2
vannamei,2
mtt,2
pisosterol,2
peperomia,2
medicinal,2
physalins,2
esenbeckia,2
almawillia,2
alkaloid,2
goiter,2
bacillus,2
calmettegurin,2
registry,2
granulocytes,2
sequencing,2
sscp,2
phage,2
radiolabeling,2
nonanaphylactic,2
endocannabinoid,2
cyclin,2
hemoglobinderived,2
oligopeptidase,2
catalytic,2
exchange,2
rimonabant,2
encephalomyelitis,2
learningmemory,2
alkaline,2
metalloprotease,2
thermolysin,2
swine,2
frasier,2
wilms,2
monocarboxylate,2
subtypes,2
leukocytosis,2
aedes,2
aegypti,2
mm,2
microbicidal,2
ratio,2
thermoregulation,2
sickness,2
phases,2
lactic,2
ebox,2
adrenocorticotropic,2
sprague,2
dawley,2
acth,2
myoprotection,2
myostatin,2
transcriptasepolymerase,2
calcineurin,2
slow,2
twitch,2
cysteine,2
necroptosis,2
prr,2
zap,2
bcell,2
diterpenes,2
elacridar,2
photodynamic,2
phb,2
polyhydroxybutyratecohydroxyhexanoate,2
methylcitric,2
hydroxyvalerate,2
catabolism,2
bagasse,2
hydrolysate,2
cytoprotection,2
sreleasing,2
nsaid,2
gait,2
score,2
osteoclasts,2
neuroimmunomodulation,2
nitrate,2
aspirin,2
proteinaseactivated,2
hydroxytryptamine,2
converting,2
coxinhibiting,2
donors,2
juvenile,2
norepinephrine,2
adherence,2
calorimetry,2
tick,2
cingulate,2
tramadol,2
midbrain,2
sfi,2
chemiluminescence,2
chronological,2
lifespan,2
mirnab,2
bnip,2
jnk,2
cardioprotection,2
gshgssg,2
lnameinduced,2
ace,2
age,2
ectonucleotidasecd,2
deadbox,2
rhle,2
degradosome,2
music,2
dentate,2
gyrus,2
maspin,2
scd,2
hivexposed,2
seronegative,2
chemotactic,2
crossreactivity,2
blocking,2
laparotomy,2
intravenous,2
cblj,2
drinking,2
electroconvulsive,2
ct,2
mitral,2
valve,2
rheumatic,2
oncology,2
overt,2
neurotoxicity,2
proteomic,2
fbxw,2
myc,2
tp,2
movements,2
ldopainduced,2
dyskinesia,2
lvh,2
ras,2
oxysporum,2
gladioli,2
nrf,2
branching,2
wnt,2
tryptase,2
atpa,2
cardiotonic,2
steroids,2
insulinlike,2
thalidomide,2
curcumin,2
anions,2
nmethyldaspartate,2
adaptations,2
alphamacroglobulin,2
sarcopenia,2
peritumoural,2
cla,2
malignancy,2
tumoradipose,2
cachexiacancer,2
cpt,2
interleukins,2
apolipoprotein,2
lipoprotein,2
adrenaline,2
sexually,2
transmitted,2
parvum,2
pharmacology,2
contamination,2
neoplasms,2
doserate,2
brachytherapy,2
aids,2
intraepithelial,2
nonspecific,2
scaffold,2
synchrony,2
syngeneic,2
laryngitis,2
reflux,2
igga,2
pigment,2
clones,2
nattectin,2
antithrombin,2
antibodysecreting,2
lipoxin,2
jararhagin,2
relief,2
staphylococcus,2
aureus,2
iri,2
anticd,2
antigitr,2
dta,2
tcd,2
fall,2
parkinsonian,2
rehabilitation,2
nocturnal,2
complexity,2
hpvinduced,2
electroporation,2
homing,2
histoplasma,2
capsulatum,2
cpg,2
cpgoligodeoxynucleotides,2
filtrate,2
ifngamma,2
nc,2
metabolismrelated,2
diruthenium,2
neurooncology,2
ipomoea,2
asarifolia,2
chicken,2
igy,2
immunodiagnostic,2
purification,2
cosegregation,2
mastocytes,2
albicans,2
lactobacillus,2
propolis,2
probiotics,2
streptococcus,2
dentin,2
crevicular,2
mouth,2
paradoxical,2
fluorescence,2
synthetic,2
node,2
penile,2
structures,2
pik,2
amphetamineregulated,2
transcript,2
abcb,2
paraoxonase,2
serca,2
lacrimal,2
highfructose,2
tsc,2
hemidenervation,2
rates,2
copper,2
deep,2
hypovolemia,2
transfusion,2
cortical,2
epigenetics,2
fibromyalgia,2
crohns,2
proteincoupled,2
titration,2
ex,2
hydroxynonenal,2
aldh,2
prediction,2
pkcii,2
partial,2
metabolite,2
immunoparasitology,2
aptamers,2
monounsaturated,2
nonalcoholic,2
immunometabolism,2
whey,2
carbohydrate,2
km,2
fibrillation,2
radiofrequency,2
mechanoreflex,2
metaboreflex,2
nitrergic,2
innervation,2
dilation,2
gcsf,2
infarct,2
size,2
edhf,2
diastolic,2
kindling,2
medullary,2
coeruleus,2
ventral,2
phoxb,2
apnea,2
obstructive,2
serotonergic,2
avv,2
adrenergicimidazoline,2
salivation,2
darkfield,2
turkevich,2
cyclopalladated,2
drugresistant,2
vaginal,2
anergy,2
ajoene,2
akirin,2
biomaterial,2
bioengineering,2
mmps,2
ecadherin,2
epithelialmesenchymal ,2
calcifying,2
wnta,2
scaffolds,2
prognosis,2
amplification,2
mmp,2
reck,2
tregs,2
power,2
sakuranetin,2
biopsy,2
adipokines,2
ischaemia,2
patents,2
angiogenic,2
retinolbinding,2
precursor,2
mcp,2
chemoattractant,2
septic,2
nitroxyl,2
mixed,2
iga,2
senile,2
plaques,2
nkgc,2
nalp,2
nalpnlrp,2
geraniol,2
periodic,2
pin,2
xenografts,2
polyamines,2
perirhinal,2
spint,2
rhoc,2
viability,2
ankhd,2
hippo,2
yap,2
phosphatase,2
parathyroid,2
tubules,2
igm,2
supasup,2
ovariectomyinduced,2
annexina,2
subjected,2
lymphborne,2
oxidant,2
depends,2
tlrmyd,2
medical,2
doi,2
lymphaticborne,2
trigger,2
hyporesponsiveness,2
ischemareperfusion,2
alveolitis,2
help,2
lipases,2
chronobiologic,2
stereotyped,2
detrimental,2
addition,2
involve,2
pinduced,2
ovariectomized,2
postmenopausal,2
arteryspecific,2
generated,2
players,2
atraktno,2
augments,2
infinfadrenoceptor,2
csrcdependent,2
nondiabetic,2
myocytes,2
vasoactive,2
females,2
glycaemic,2
chlorpropamide,2
restored,2
vitamins,2
intrauterineundernourished,2
decreasing,2
minalrestat,2
aldose,2
corrects,2
etsupasup,2
infainf,2
beds,2
microand,2
kic,2
microvesseis,2
goldblatt,2
vasodilation,2
roots,2
hydrolysis,2
ultrastructural,2
wounds,2
birefringence,2
polarizedlaser,2
polarized,2
vagal,2
preganglionic,2
neurones,2
hypertensioninduced,2
traininginduced,2
oxytocinergic,2
exerciseinduced,2
networks,2
validation,2
regional,2
resting,2
importance,2
congenital,2
sheep,2
failures,2
paulo,2
ligands,2
oncogenic,2
tam,2
sepsisinduced,2
lipidassociated,2
arthritidis,2
mitogen,2
selectin,2
brabykinin,2
correlate,2
deposition,2
pgeinfinf,2
thrombocytopenia,2
cavity,2
ofr,2
ppd,2
pafantagonists,2
metabolites,2
antarctica,2
coldadapted,2
screening,2
survey,2
determination,2
prototype,2
hybrids,2
mixture,2
designed,2
capsaicinlike,2
bfnex,2
silico,2
tool,2
subtilisin,2
integrative,2
large,2
higher,2
divergent,2
immuneinflammation,2
identifies,2
dmbainduced,2
parasitic,2
diverged,2
become,2
valuable,2
inferences,2
semiarid,2
genealogy,2
cruzilike,2
trypanosome,2
communication,2
chagasic,2
recessive,2
ncf,2
nitrotyrosine,2
ilpdeficient,2
gradual,2
malariaspecific,2
maintain,2
despite,2
synapse,2
ercc,2
preparation,2
complementation,2
confluent,2
arrested,2
regulating,2
restoring,2
duplicated,2
adenovirusmediated,2
eukaryotic,2
confluence,2
wild,2
suicide,2
broad,2
homologue,2
context,2
marsupial,2
exonuclease,2
exposed,2
thalamus,2
defeatassociated,2
contrast,2
mediating,2
output,2
chelonid,2
secretions,2
turtles,2
chelonia,2
mydas,2
southeastern,2
tenyear,2
hearts,2
additive,2
tamarin,2
elimination,2
pterocarpans,2
prometaphase,2
depilatory,2
parotid,2
superior,2
amazonia,2
hypoendemic,2
limited,2
restrict,2
draft,2
polyhydroxyalkanoateproducing,2
plantation,2
guinea,2
steps,2
retamycin,2
toxigenic,2
sold,2
directly,2
restrain,2
shared,2
hyperinflammatory,2
genotype,2
ga,2
occurrence,2
yeasts,2
biofilm,2
endodontalis,2
prevotella,2
intermedia,2
boa,2
platae,2
men,2
within,2
conditioned,2
cysts,2
repairs,2
exploring,2
noxdependent,2
bioavailability,2
tobacco,2
disturbs,2
infancy,2
noxderived,2
spectrometrybased,2
understand,2
corrigendum,2
inferior,2
neurotrophins,2
characterize,2
transdural,2
unconventional,2
intercellular,2
static,2
optokinetic,2
subunits,2
injections,2
ameliorating,2
dystrophic,2
dystrophindeficient,2
exercisetrained,2
provide,2
core,2
wastage,2
generations,2
deoxysup,2
sup,2
jinfinf,2
ciglitazone,2
lifelong,2
establishment,2
interplay,2
sconjugate,2
export,2
urine,2
unsaturated,2
hep,2
larynx,2
future,2
diets,2
hyperthyroidlike,2
bw,2
excess,2
thyroxine,2
tendon,2
assessment,2
find,2
upregulated,2
restraint,2
connections,2
fluorescent,2
positively,2
outcome,2
phosphatidylinositol,2
kinaseprotein,2
hcg,2
guanylyl,2
cause,2
heparinprotamine,2
permanent,2
calcitonin,2
generelated,2
peptidereceptor,2
capsaicintreated,2
uncontrolled,2
attenuation,2
anaesthetised,2
hemodynamic,2
polypeptide,2
capsular,2
theophylline,2
asthmatic,2
doijtoxicon,2
depletion,2
injected,2
play,2
biotechnological,2
peter,2
archipelago,2
electrochemical,2
soldiers,2
termite,2
nasutitermes,2
macrocephalus,2
isoptera,2
natutitermitinae,2
structure,2
onaphthoquinone,2
arylamino,2
mutisianthol,2
configuration,2
norlapachone,2
spectrum,2
latin,2
american,2
partially,2
strong,2
downmodulate,2
factorrelated,2
apoptosisinducing,2
schistosoma,2
mansoni,2
inverse,2
accumulate,2
efficiently,2
glucosedependent,2
lhcgr,2
sporadic,2
affecting,2
integrating,2
irf,2
master,2
talk,2
tumoricidal,2
generating,2
forms,2
coldseeking,2
similar,2
accelerates,2
injured,2
tibialis,2
cryolesion,2
ubiquitinproteasome,2
overactivity,2
myositis,2
slowtwitch,2
dengue,2
ns,2
intermolecular,2
supphoxsup,2
isoproterenoltreated,2
crosssectional,2
beyond,2
antiapoptotic,2
candidates,2
exerts,2
clinicopathologic,2
microemulsions,2
elacridarloaded,2
absorptive,2
polyhydroxyalkanoates,2
raw,2
produce,2
cultivated,2
cyclodextrin,2
hinfinfsreleasing,2
ligatureinduced,2
monoarthritis,2
osteoclast,2
mediator,2
multicenter,2
partners,2
ire,2
perk,2
client,2
res,2
slower,2
rescue,2
variable,2
nonpharmacological,2
technique,2
mirrorimage,2
distinguishes,2
subunit,2
blunted,2
peroxidethioredoxin,2
proapoptotic,2
postinfarction,2
post,2
mold,2
wheel,2
engagement,2
supdimsup,2
ethanoldrinking,2
surgery,2
influencing,2
prognostic,2
reveals,2
aktgsk,2
wntcatenin,2
adenineinduced,2
requires,2
week,2
locomotor,2
immunometabolic,2
anticachectic,2
ability,2
controls,2
fold,2
along,2
culprit,2
tissuederived,2
heterogeneous,2
resolve,2
counteracting,2
lactation,2
tlrnfbp,2
anorecticcachectic,2
pgeinfinflevels,2
tumourinduced,2
andor,2
phenolic,2
epidemiological,2
followup,2
adults,2
vesicular,2
plasmid,2
primerecombinant,2
generates,2
stable,2
pool,2
immunodominance,2
explain,2
hostparasite,2
equilibrium,2
apical,2
ee,2
antimetastatic,2
flagellin,2
midas,2
requirement,2
established,2
ifnmediated,2
recruit,2
mirnas,2
anaplastic,2
let,2
regulators,2
benign,2
generate,2
differentiated,2
coldinduced,2
canceroriented,2
representation,2
opportunities,2
scorpion,2
quantification,2
exacerbation,2
protocol,2
year,2
stat,2
blocks,2
impairing,2
stressed,2
cart,2
switching,2
microinjection,2
awake,2
endocrinemetabolic,2
diseaseassociated,2
sensors,2
dissociates,2
defciency,2
iron,2
insular,2
trypanosoma,2
handlingrelated,2
worsens,2
centuries,2
toxic,2
matter,2
elevation,2
endotheliumdependent,2
nanomolar,2
dark,2
neuroanatomical,2
catecholaminergic,2
specialized,2
drive,2
breathe,2
infinfadrenergic,2
kllikerfuse,2
py,2
carotid,2
input,2
parafacial,2
eupneic,2
raises,2
apnoeic,2
infinfadrenoceptors,2
aged,2
frontier,2
intratracheally,2
virulent,2
orthotopic,2
parenchyma,2
must,2
hold,2
tight,2
injuries,2
recipients,2
posttransplant,2
eliciting,2
neurohistopathological,2
isoprenoids,2
intrarenal,1
dephosphorylation,1
pka,1
hyperkalemia,1
uric,1
mesentery,1
phototherapy,1
benzene,1
lipopolyssacaride,1
abortus,1
phenol,1
ultrasonic,1
vocalization,1
serological,1
typing,1
units,1
hypoinsulinemia,1
thiazolidinediones,1
habituation,1
pyritinol,1
stereotypy,1
androgens,1
conjugated,1
equine,1
estrogens,1
ovariectomyzed,1
orai,1
stim,1
venous,1
mkp,1
oglcnac,1
nacetylglucosaminidase,1
olinked,1
nacetylglucosaminylation,1
paxillin,1
endorgan,1
velocity,1
kidneys,1
clip,1
restenosis,1
postangioplasty,1
leucocyteendothelial,1
angiotensinii,1
nadphoxidase,1
potassium,1
etbreceptors,1
microvessel,1
chat,1
dbh,1
cxcr,1
supraoptic,1
style,1
ot,1
sedentary,1
aangiotensin,1
vi,1
neuroendocrine,1
distensibility,1
electrolytic,1
transducer,1
stiffness,1
wall,1
thickness,1
histone,1
acetylation,1
prostanoid,1
foam,1
fcgammarii,1
ldl,1
ppargamma,1
morpholinosydnonimine,1
aminochromane,1
ue,1
pneumonitis,1
passive,1
calorie,1
cerulein,1
adapted,1
fuel,1
south,1
shetland,1
islands,1
immunosurveillance,1
modc,1
oxaliplatin,1
pyridinyl,1
carboxamide,1
synergism,1
fusion,1
dehydratedrehydratedvesicles,1
extruded,1
modeling,1
diffraction,1
furoxan,1
nanotechnology,1
antigranulocyteantibody,1
rbc,1
surveillance,1
positive,1
feedback,1
loops,1
expansioncontraction,1
pools,1
psychoneuroimmunology,1
anatomopathology,1
epididymitis,1
extravascular,1
foci,1
testicular,1
uva,1
bypass,1
filling,1
genotoxic,1
dimer,1
translesion,1
base,1
ber,1
hr,1
nonhomologous,1
joining,1
nhej,1
ner,1
photoaging,1
cipa,1
lysosomes,1
potorous,1
nedd,1
ape,1
ogg,1
embryonic,1
pluripotent,1
ips,1
reprogramming,1
telangiectasia,1
pol,1
ly,1
xpv,1
chitosan,1
polymeric,1
silencing,1
centrosomes,1
mutants,1
pesticides,1
indels,1
xylella,1
topoisomerase,1
epidermis,1
sunlight,1
transdermal,1
mgmt,1
lentivirus,1
duplication,1
oxohydrodeoxyguanosine,1
mutyglycosylase,1
mtdna,1
stability,1
judgment,1
compensation,1
decision,1
making,1
expertise,1
intentional,1
recalibration,1
adhd,1
executive,1
efflux,1
endproduct,1
abca,1
lysosome,1
sediment,1
hdl,1
edl,1
glycemic,1
soleus,1
insulinsignaling,1
idrug,1
ischemiacomplications,1
functiondrug,1
agglutinin,1
aquaculture,1
arthropod,1
crustacean,1
litopenaeus,1
schmitti,1
nonself,1
antipain,1
leupeptin,1
olfaction,1
sniffin,1
sticks,1
upsit,1
extrapyramidal,1
hypervalent,1
tellurium,1
epiclusianone,1
garcinia,1
chemoresistance,1
hirsutism,1
depsipeptide,1
ploidy,1
recurrence,1
metacyclogenesis,1
serm,1
acridine,1
orange,1
snaflcalcein,1
strand,1
genomics,1
meta,1
emt,1
glycogenglycoprotein,1
phosphohydrolase,1
hostmicrobe,1
anaerobes,1
brazilians,1
enterobacteriaceae,1
dialister,1
pneumosintes,1
simples,1
tannerella,1
forsythia,1
treponema,1
denticola,1
crocodilians,1
telemetry,1
cicatrization,1
tegument,1
teleost,1
characidae,1
gametogenesis,1
gonadosomatic,1
cortisol,1
prolactin,1
clocks,1
ultradian,1
methodology,1
domestic,1
hemispheric,1
specialisation,1
asymmetry,1
dopaminehydroxylase,1
pseudorabies,1
cyst,1
metallothionein,1
materials,1
hydroxyapatitetherapeutic,1
intermediate,1
filaments,1
polymorphous,1
ampa,1
cytoskeletonassociated,1
positron,1
emission,1
tomography,1
bbg,1
pd,1
parkinsos,1
gprotein,1
apocynin,1
natriuresis,1
vasopeptidase,1
manganese,1
rotational,1
rns,1
ischemicreperfusion,1
saa,1
citrate,1
calpastatin,1
meat,1
tenderness,1
zebu,1
eccentric,1
distance,1
triathlon,1
hydroxymethylglutarylcoenzyme,1
cysteines,1
dha,1
epa,1
tatty,1
bclx,1
paran,1
cuznsuperoxide,1
mnsuperoxide,1
llc,1
wrc,1
zirk,1
carbaprostacyclin,1
autacoids,1
pma,1
sconjugates,1
sdinitrophenylglutathione,1
stransferases,1
cecum,1
oat,1
wheat,1
glutaminolysis,1
myoglobin,1
expenditure,1
menopause,1
myotendinous,1
sarcomeres,1
swimming,1
cryofracture,1
sternomastoid,1
pterygoid,1
spindle,1
skincosmetology,1
papaincosmetic,1
stratum,1
corneum,1
synapses,1
tooth,1
transganglionic,1
lingual,1
microvascularization,1
sem,1
threat,1
cue,1
turning,1
methylphenyltetrahydropyridine,1
ketamine,1
direction,1
navigation,1
vestibular,1
ymaze,1
alternation,1
hemilesion,1
caffeine,1
arylalkylamine,1
nacetyltransferase,1
aanat,1
immunepineal,1
acoustic,1
startle,1
auricular,1
biotinylated,1
dextran,1
amine,1
pontine,1
reticular,1
double,1
tracing,1
anxa,1
blastocyst,1
progesteron,1
implantation,1
placental,1
motility,1
distal,1
enteritis,1
irritable,1
pharmaceuticals,1
betaadrenoceptors,1
rhokinase,1
pharmacokinetics,1
eotaxin,1
lachesis,1
guanylate,1
nitroenalapril,1
feature,1
hodgkins,1
lymphoma,1
corpus,1
cavernosum,1
insularis,1
bombesingrp,1
rc,1
solid,1
prostaglandinendoperoxide,1
dazoxiben,1
inhaled,1
tezosentan,1
methotrexate,1
antibiotics,1
macrolide,1
atenolol,1
nonadrenergic,1
noncholinergic,1
nanc,1
aminoguanidine,1
synthases,1
mac,1
vla,1
pbromophenacyl,1
amlodipine,1
diltiazem,1
benzotriazinone,1
benzoyltriazole,1
anaesthetic,1
bothropstoxin,1
hyperoxemia,1
immunotoxicology,1
micrurus,1
lemniscatus,1
myotoxicity,1
coelomic,1
cryptide,1
bioconversion,1
coxinhibitor,1
lactam,1
nsaids,1
prodrugs,1
bap,1
peptidases,1
haemorrhage,1
disintegrinlikecysteinerich,1
air,1
disintegrin,1
haemoconcentration,1
antitubulin,1
antibodydrug,1
conjugates,1
antimetabolites,1
dnaalkylating,1
triazoles,1
lawsone,1
dead,1
box,1
dispersal,1
golden,1
tide,1
pelagic,1
sargasso,1
bioelectrochemistry,1
ferrocenes,1
mode,1
ayurvedic,1
piperlongumine,1
conagenin,1
lserine,1
lymphokines,1
prodigiosin,1
pseudoalteromonas,1
pectin,1
bioorganometallics,1
ferrocene,1
ferrocifen,1
structureactivity,1
myracrodruon,1
urundeuva,1
seed,1
phenstatins,1
tubulin,1
middlewest,1
pyrazoles,1
quinolones,1
antimitotic,1
aminonaphthoquinone,1
arylamine,1
blyp,1
electrochemistry,1
norlapachol,1
hydrazone,1
annonaceae,1
myeloblastic,1
semisynthetic,1
nerolidylcatechol,1
polysaccharides,1
glucanprotein,1
agaricus,1
blazei,1
cyotoxicity,1
butanoylaminenaphthoquinone,1
propanoylamine,1
piper,1
divaricatum,1
piperlonguminine,1
dihydrofuranonaphthoquinones,1
lapachones,1
diisopentenyln,1
quinoldione,1
quinolone,1
rutaceae,1
erythrocyte,1
kaurenoic,1
diterpene,1
plexins,1
semad,1
huvec,1
microparticles,1
qsox,1
thp,1
differentialdisplay,1
rtpcr,1
cgd,1
mycobacteria,1
pidd,1
warning,1
mucocutaneous,1
phox,1
abscess,1
immunodeficiencies,1
pphox,1
gpd,1
radiopharmaceuticals,1
technetiumÂ m,1
grafting,1
sorting,1
rgd,1
anti,1
lewisy,1
hus,1
platinum,1
resistantrefractory,1
bombesin,1
dup,1
centipede,1
scolopendra,1
crs,1
dinitrophenyl,1
dinitrophenylcoupled,1
implant,1
dnp,1
dnpewi,1
dynamic,1
compliance,1
epo,1
pep,1
aminopeptidase,1
carboxypeptidase,1
bradykininpotentiating,1
oligomerization,1
sglutathionylation,1
ep,1
thioldisulfide,1
dimerization,1
gpcr,1
sitedirected,1
euphorbiaceae,1
hypernociception,1
phyllanthus,1
amarus,1
opcs,1
glucoseenergy,1
familial,1
melim,1
predisposition,1
denysdrash,1
health,1
ministry,1
agencies,1
anogenital,1
chemosensitivity,1
ventilation,1
buffering,1
immunetobrain,1
febrile,1
thermoneutrality,1
nagase,1
analbuminemic,1
dichloroacetate,1
hypoxiaventilatory,1
acidventilation,1
mammalsrat,1
aliards,1
bubb,1
crisprdcas,1
subfamily,1
member,1
podocyteexpressed,1
pteninduced,1
hyperplasia,1
sirnapod,1
nra,1
cjun,1
ap,1
corticotropin,1
jun,1
erkmapk,1
fcf,1
adrenalectomy,1
thermogenin,1
thiols,1
thioredoxin,1
thiol,1
proteintyrosine,1
tlymphocytes,1
ezh,1
polycomb,1
prame,1
mdr,1
pomolic,1
kynurenines,1
bid,1
plkinase,1
famb,1
ililrgp,1
jakstat,1
cbioportal,1
cellminer,1
connectivity,1
pharmacogenomics,1
nlr,1
amines,1
catalysis,1
cyclizations,1
heterocycles,1
kinetic,1
trikentrin,1
osochromene,1
prins,1
pyrans,1
microemulsion,1
phthalocyanine,1
penetration,1
bglbricks,1
xylr,1
xylulokinase,1
aeromonas,1
pcj,1
operon,1
copolymers,1
ipt,1
plastics,1
rolling,1
selectins,1
osteoblasts,1
clopidogrel,1
gastropathy,1
pulminary,1
aadverse,1
hyperplasiaetiology,1
salivaanalysis,1
tacrolimusadverse,1
ntmodified,1
proteinprotein,1
ordinary,1
equations,1
oscillations,1
edds,1
pbmc,1
glycosylphosphatidylinositol,1
atpdependent,1
ku,1
antinerve,1
manual,1
naloxone,1
sensitisation,1
ox,1
bovine,1
cii,1
elispot,1
posttranslational,1
pmlc,1
vsmcs,1
ectonucleotidase,1
ectonucleotidases,1
birthweight,1
smallforgestational,1
enpp,1
entpdase,1
stationary,1
adolescence,1
anxietylike,1
reward,1
tonal,1
detraining,1
hippocampusdependent,1
mri,1
hypertonia,1
perinatal,1
cytoplasmic,1
apcc,1
cdh,1
ligase,1
endometrial,1
endometrium,1
growthregulation,1
pkip,1
scfskpcks,1
corticotropinoma,1
pituitary,1
nkcell,1
statins,1
breast feeding,1
lymphoproliferation,1
basophil,1
cdc,1
releasability,1
phosphorylcholine,1
laparoscopy,1
autoantibodies,1
factorand,1
alcoholism,1
homer,1
intoxication,1
accumbens,1
malonaldehyde,1
ohrosmc,1
thioldependent,1
peroxidases,1
transmembrane,1
chordae,1
tendineae,1
highpower,1
peppers,1
thiourea,1
urea,1
bds,1
anemone,1
nocgmp,1
apis,1
mellifera,1
polybia,1
paulista,1
protonectarina,1
sylveirae,1
androgen,1
es,1
nihovcar,1
annexin,1
abnormal,1
involuntary,1
fosbfosb,1
aggression,1
perseveration,1
violence,1
hpa,1
axonal,1
coordina,1
tion,1
dysmyelination,1
gangliosides,1
glycosphingolipids,1
tremor,1
gyrb,1
rhizobacteria,1
bacteriaplant,1
dgge,1
glyphosate,1
oryzihabitans,1
cardiosteroids,1
mineralocorticoids,1
apc,1
spagb,1
defensin,1
nka,1
bipolar,1
parthenolide,1
demyelination,1
lipectomy,1
liposuction,1
leptospirosis,1
nald,1
alcoholic,1
satiety,1
smelltaste,1
ib,1
propionylcarnitine,1
fatigue,1
microsomal,1
triacylglycerol,1
phagocytic,1
fattyacidbinding,1
carcinosarcomabearing,1
infiltrate,1
cathexia,1
fibrochondrocytes,1
alcaligenes,1
xylosoxidans,1
benzalkonium,1
desinfectants,1
resistence,1
serratia,1
marcescens,1
highaffinity,1
ionizing,1
iridium,1
radioisotopes,1
therapeutical,1
piecemeal,1
cysteineprotease,1
rack,1
periodicity,1
gastroesophageal,1
gerd,1
endometriosis,1
allogenic,1
geographic,1
eau,1
maturity,1
stingray,1
hostpathogeninteractions,1
kyotophin,1
natterin,1
venomous,1
ilila,1
galactose,1
hplc,1
dynamics,1
porflan,1
potamotrygon,1
gr,1
orbignyi,1
mangiferin,1
maculosa,1
amphibia,1
anura,1
phyllomedusa,1
hypochondrialis,1
arachnid,1
arachnidic,1
iggt,1
disintegrinlikecysteinrich,1
resatorvid,1
bauhinia,1
elastase,1
intravital,1
creb,1
ringers,1
hemeoxygenase,1
antictla,1
nyeso,1
protozoa,1
coordinative,1
postural,1
unstable,1
device,1
program,1
gde,1
tc,1
bapcs,1
peptidedna,1
routes,1
gun,1
kaempferol,1
glycoside,1
concanavalin,1
hypochlorous,1
luminol,1
mpo,1
silicosis,1
tcga,1
vault,1
vtrna,1
dicer,1
processing,1
smurf,1
lgals,1
singlestrand,1
conformation,1
lipoxygenases,1
metallodrugs,1
tetracarboxylates,1
multiforme,1
gammalinolenic,1
whole,1
sphingomyelinase,1
cobra,1
haemolytic,1
haemorrhagic,1
nutraceutical,1
photochemotherapy,1
teeth,1
realtime,1
preterm,1
preschool,1
helicobacter,1
pylori,1
psd,1
synaptophysin,1
haematobia,1
irritans,1
hematobin,1
anticoagulants,1
hemostasis,1
srtxrf,1
synchrotron,1
totalreflection,1
trace,1
elements,1
lethality,1
bkpyv,1
jcpyv,1
mcpyv,1
tspyv,1
pir,1
stemloop,1
ebv,1
hbv,1
hcv,1
htlvi,1
pharmacogenetic,1
osmolality,1
loading,1
egfp,1
magnocellular,1
mesylate,1
camp,1
isoprenaline,1
hypertriglyceridemia,1
antihyperglycaemic,1
biguanide,1
antigenic,1
rifin,1
adiposity,1
calpaincalpastatin,1
peroxisome,1
proliferatoractivated,1
actinomycin,1
glycerideglycerol,1
carbohydratefree,1
errorprone,1
rpos,1
fenton,1
neocuproine,1
insula,1
interoception,1
neuromodulation,1
excitability,1
jararacussu,1
myotoxins,1
voltage,1
operated,1
epidural,1
sirna,1
anticholinesterase,1
phosphodiesterase,1
broreflex,1
spectral,1
iconverting,1
organ,1
saphenous,1
vein,1
attack,1
fissionfusion,1
fusionfission,1
mitophagy,1
asian,1
precision,1
myopathy,1
transients,1
traumatic,1
excitotoxicity,1
minocycline,1
dilated,1
ventriculectomy,1
symporter,1
proline,1
hsd,1
childhood,1
folic,1
lipokine,1
concurrent,1
hiit,1
bjcrp,1
crisps,1
ion,1
isobaric,1
tag,1
palmitoyl,1
transferase,1
epidemiology,1
cafeteria,1
malpighia,1
emarginata,1
yerba,1
mate,1
tg,1
umg,1
motif,1
esimsms,1
jacalin,1
mannose,1
cyclohydrolase,1
atpasecsrc,1
drag,1
flowpressure,1
polyethylene,1
glycol,1
chamber,1
xii,1
ornithokinin,1
saltdiet,1
acidcyclooxygenase,1
eugenol,1
canrenone,1
atropine,1
ecg,1
inorganic,1
isovolumic,1
mesopontine,1
pico,1
cchs,1
dorsolateral,1
genioglossal,1
expiration,1
triphosfate,1
baro,1
parabrachial,1
histoplasmosis,1
penicillium,1
lsutzii,1
immosuppressed,1
itraconazole,1
paraccidioidomycosis,1
sulfamethoxazoletrimethroprim,1
allium,1
sativum,1
sulfamethoxazoletrimethoprim,1
bgp,1
gallium,1
arsenide,1
absenteeism,1
flexibility,1
timps,1
adenomatoid,1
dentistry,1
osteoblast,1
regenerative,1
homeobox,1
hoxa,1
q,1
oraov,1
nephrogenesis,1
nfkb,1
dysbiosis,1
fecal,1
fibroadipogenic,1
elastance,1
sitagliptin,1
barriers,1
people,1
postexercise,1
pparalpha,1
inflammasomes,1
nfkappa,1
amblyominx,1
hubs,1
nonactive,1
focal,1
segmental,1
podocyte,1
bilirubin,1
oxygenases,1
immunoregulatory,1
granulomas,1
egypt,1
hepatocellular,1
mycotoxin,1
ochratoxin,1
killing,1
fingerprints,1
gata,1
tbet,1
ip,1
plgf,1
sflt,1
surrogate,1
tubulointerstitial,1
nonvascular,1
macroarray,1
gamma,1
neurospheres,1
proteinuria,1
fibrosispathology,1
hematopoietic,1
proliferating,1
retinol,1
banff,1
plasminogen,1
costimulation,1
memorynave,1
nave,1
coinfection,1
modafinil,1
rabies,1
reponse,1
lonomia,1
obliqua,1
amyloidbeta,1
scavenger,1
resilience,1
srb,1
rehearsal,1
adiposecarbohydrate,1
element,1
chrebp,1
pahsa,1
palmitic,1
stearic,1
pardb,1
cnot,1
exome,1
ttp,1
pamidronate,1
isoprenoid,1
mkd,1
anakinra,1
mevalonic,1
aciduria,1
mvk,1
genotypephenotype,1
neurofibrillary,1
clathrin,1
endocytosis,1
flotillin,1
raft,1
sti,1
putrescine,1
spermidine,1
spermine,1
polyamine,1
hai,1
hepatocyte,1
hgfa,1
lncap,1
rho,1
gtpases,1
pharmaceutical,1
science,1
aurora,1
catastrophe,1
reversine,1
mask,1
accompany,1
abundance,1
acidification,1
micropuncture,1
boy,1
efficient,1
aspergillus,1
fumigatus,1
hyphae,1
traps,1
glassadherent,1
longlasting,1
sexrelated,1
removal,1
considering,1
inosine,1
ainfainf,1
altering,1
oxidecyclooxygenasederived,1
downregulates,1
suppressive,1
subsequent,1
ischemiareperfusioninduced,1
nasally,1
instilled,1
particulates,1
nasal,1
epithelia,1
microbiology,1
repeated,1
methysergide,1
duct,1
path,1
spread,1
leucocytes,1
tandemly,1
repetitive,1
dipeptide,1
stimulussecretion,1
acidinduced,1
vii,1
lglutamine,1
tetradecanoylphorbolacetate,1
reflects,1
hinfinfoinfinf,1
western,1
nonsenescent,1
consistent,1
accelerated,1
senescent,1
ones,1
adipokine,1
chemerin,1
mekerk,1
miss,1
across,1
ff,1
stimorai,1
venoconstriction,1
signalregulated,1
mitogenactivated,1
desoxycorticosterone,1
augmented,1
micronutrient,1
symposium,1
origin,1
deoxycorticosteronesalt,1
methylated,1
flowdependent,1
crude,1
bredemeyera,1
floribunda,1
willd,1
autoradiographical,1
faster,1
lasertreated,1
supporting,1
tonus,1
normalizes,1
hmgb,1
trainingfocus,1
vasoconstrictor,1
axes,1
inputs,1
oxytocindeficient,1
atinfinf,1
transittime,1
flowmetry,1
exercising,1
freely,1
moving,1
calibre,1
mechanoelastic,1
reinfection,1
typical,1
caprine,1
arthritisencephalitis,1
neospora,1
caninum,1
sao,1
radiationinduced,1
tumours,1
binfinfmediated,1
pafrdependent,1
nzw,1
hamster,1
cheek,1
fragmented,1
zymosaninduced,1
bronchopulmonary,1
slowreacting,1
srsa,1
fluids,1
suitable,1
bn,1
surviving,1
hot,1
psychrophiles,1
thermophiles,1
deception,1
island,1
volcano,1
glucosetolerant,1
omics,1
evaluate,1
microorganisms,1
producing,1
coldactive,1
oxidoreductases,1
applied,1
enantioselective,1
rhizosphere,1
admiralty,1
maritime,1
biogeography,1
genera,1
psychrobacter,1
nonlinear,1
mathematical,1
tumorreactive,1
unveiling,1
reducing,1
craf,1
interferons,1
dendritictumor,1
effectively,1
simple,1
bf,1
simultaneously,1
chelerythrine,1
optimization,1
simplification,1
exhibit,1
nonsmallcell,1
benzodioxole,1
cellderived,1
immunogenic,1
select,1
benzofuroxan,1
derivate,1
ncih,1
nonviral,1
dysfunctional,1
explanation,1
biased,1
cdsupsupcdsupsupfoxpsupsup,1
butanolic,1
ginseng,1
immature,1
secretionshedding,1
tumorderived,1
meaning,1
behind,1
langerhans,1
obtained,1
balf,1
vaccinated,1
allogeneic,1
cellautologous,1
express,1
celltumor,1
eat,1
complete,1
submaxillary,1
antimelanoma,1
singlechain,1
fv,1
tumorhost,1
transformed,1
clonal,1
phylogenetically,1
closer,1
world,1
trypanosomes,1
ovaries,1
experimentally,1
reveal,1
bats,1
worlds,1
outbreak,1
cryptic,1
lineage,1
endomyocardial,1
trypanosomatid,1
ribosomal,1
kdna,1
distinguish,1
herpetomonas,1
trypanosomatids,1
flies,1
intimate,1
cockayne,1
syndromederived,1
tell,1
us,1
pluripotency,1
proteome,1
phenoldegrading,1
achromobacter,1
industrial,1
supramolecular,1
assemblies,1
polyelectrolytes,1
necessary,1
doxorubicininduced,1
xpdmutated,1
xp,1
groups,1
defective,1
transcriptionrepair,1
iih,1
methylating,1
chloroethylating,1
determines,1
ddband,1
doublestrand,1
breaks,1
proteobacterium,1
xpd,1
generecombinant,1
unirradiated,1
uvirradiated,1
either,1
cancerprone,1
xpbcs,1
noncancerprone,1
xpbttd,1
lights,1
preventing,1
dnarepairdeficient,1
atxpb,1
xpbrad,1
supsupoinfinfinduced,1
kangaroo,1
oxygeninduced,1
biosynthetic,1
complements,1
rostrodorsal,1
live,1
perceived,1
brightness,1
ischemiainduced,1
administered,1
irrespective,1
alone,1
angiotensini,1
resistive,1
hyperlipidic,1
acarbosefeeding,1
absorption,1
fasted,1
calpa,1
drosophila,1
homolog,1
specifically,1
set,1
midgut,1
fixation,1
episodic,1
bloodstage,1
goldenheaded,1
lion,1
leontopithecus,1
chrysomelas,1
living,1
urban,1
atlantic,1
rio,1
janeiro,1
parasitaemia,1
chiral,1
organotelluranes,1
micronuclei,1
nonsmall,1
chrysotileinduced,1
multipolar,1
mitosis,1
aneuploid,1
papains,1
depsipeptides,1
cosmetic,1
formulations,1
cytoskeletal,1
relapse,1
cytometry,1
leishmaniaspecific,1
subgenus,1
ineffective,1
elder,1
neurite,1
initiation,1
elongation,1
cabazitaxel,1
autoregulated,1
heterotopic,1
combating,1
retrovirusmediated,1
combines,1
transgene,1
helminth,1
puzzling,1
mansonella,1
ozzardi,1
subclass,1
amazonian,1
miners,1
lmg,1
pseudomallei,1
papua,1
glycosylation,1
glycosyltransferase,1
aggravation,1
perfringens,1
botulinum,1
lagos,1
nigeria,1
inducing,1
ildriven,1
periodontopathic,1
osteomyelitis,1
jaws,1
redcomplex,1
diseased,1
biotypes,1
leukotoxic,1
enterococci,1
subgingival,1
hivpositive,1
necrotizing,1
nigrescens,1
endodontic,1
telemetric,1
monitoring,1
kinetics,1
cabeuda,1
deprived,1
separate,1
aftereffects,1
morning,1
evening,1
prehypertensive,1
norepinephrinesynchronized,1
nighttime,1
sulphatoxymelatonin,1
depressed,1
comorbidities,1
decade,1
debate,1
courses,1
university,1
paulobrazil,1
fouryear,1
experience,1
pentameric,1
indirect,1
amygdaladorsal,1
freezing,1
overexpresses,1
invadopodiarelated,1
suggesting,1
invadopodia,1
aggressiveness,1
proliferative,1
malignancyrelated,1
kda,1
catenin,1
tensile,1
composite,1
artglass,1
treatments,1
indicative,1
morphologic,1
immunoenzymatic,1
leiomyoma,1
descending,1
relay,1
arc,1
ampars,1
supsupcpbr,1
supsupffdopa,1
pet,1
reverts,1
neuroscience,1
anxietyrelated,1
connexinmediated,1
crosslinks,1
lobe,1
ampkinase,1
aicar,1
storage,1
hyperglucagonemia,1
preoperative,1
mediumlongchain,1
triglyceride,1
emulsions,1
preconditioninglike,1
shark,1
tnfr,1
means,1
suppressible,1
tlymphocyte,1
dlcarnitine,1
fade,1
insight,1
limorbearing,1
chylomicronlike,1
wallleukocyte,1
consequences,1
placentalfetal,1
celltocell,1
ngnitrolarginine,1
reversion,1
perspectives,1
pyruvate,1
acidsrich,1
fatrich,1
richdiets,1
aspirinlike,1
aeruginosa,1
influenza,1
parainfluenza,1
syncytial,1
attacks,1
years,1
cultures,1
middle,1
effusion,1
parvovirus,1
necrotising,1
vasculitis,1
opportunistic,1
aetiological,1
tgfa,1
mapkerk,1
pituitarythyroid,1
betahydroxybeta,1
methylbutyrate,1
hm,1
ghigfi,1
hyperinsulinemia,1
foodrestricted,1
extrathyroidal,1
conversion,1
coldacclimated,1
thyroxinemaintained,1
thyroidectomized,1
suture,1
achilles,1
bonetendon,1
calcaneal,1
safety,1
qualitative,1
observations,1
morphometry,1
hard,1
rattus,1
norvegicus,1
albinus,1
circuits,1
defenses,1
behaviors,1
rotate,1
side,1
weaker,1
neurotransmission,1
pretraining,1
hidden,1
morris,1
compensate,1
deficit,1
ketaminexylazine,1
bilaterally,1
mptplesioned,1
unilateral,1
disabilities,1
fails,1
mptpinduced,1
nigral,1
amnesia,1
underlie,1
supsuphsupsup,1
acidosis,1
nah,1
corticotrophin,1
releasing,1
crf,1
cripto,1
immunolocalized,1
extravillous,1
cytotrophoblast,1
creta,1
vegfreceptor,1
hyperglycemic,1
deadly,1
cytological,1
trophoblast,1
calomys,1
callosus,1
antigenuria,1
detected,1
raised,1
agglutination,1
ralph,1
lainsona,1
parasitologist,1
amazing,1
abilities,1
dimensional,1
hemochorial,1
placentas,1
knock,1
neuron,1
pig,1
relaxes,1
pikaktenos,1
responsedependent,1
overactive,1
anaesthetized,1
run,1
responsive,1
diseasemodifying,1
antirheumatic,1
pilot,1
casupsup,1
dissociation,1
decrease,1
carrageenin,1
subtotal,1
etltinfgtaltinfgtreceptors,1
participate,1
responsible,1
parenchymal,1
molar,1
potency,1
canine,1
polycations,1
radiocontrast,1
eicosanoid,1
rectal,1
conventional,1
dog,1
anthocyanin,1
mulberry,1
cyanidinglucoside,1
pathological,1
viper,1
envenomationinduced,1
lignan,1
trachelogenin,1
hct,1
surfacing,1
innovations,1
oceans,1
chitinases,1
bioprospecting,1
marinederived,1
actinobacteria,1
actinomadura,1
collected,1
paul,1
prospecting,1
actinomycetes,1
recovered,1
sediments,1
pauls,1
tropical,1
mysid,1
seriniquinone,1
autophagocytosis,1
cancerprotective,1
arylated,1
dihydrofuran,1
communications,1
cucurbitacin,1
cayaponia,1
racemosa,1
carbohydratebased,1
substituted,1
phenylhydrazono,1
chloroquinolinylhpyrrolylmethylene,1
hydrazine,1
elucidation,1
oxostaurosporine,1
endemic,1
tunicate,1
benzyl,1
smonosubstituted,1
benzylidenehydrazinohydroxymethyloxoethylcarbamate,1
chloroquinolinylhydrazones,1
twentyeight,1
ferrocenyl,1
tetrasubstituted,1
olefins,1
hemolytic,1
himatanthus,1
drasticus,1
mart,1
plumel,1
apocynaceae,1
guanidine,1
monanchora,1
arbuscula,1
chemistry,1
methoxyphenyl,1
trimethoxyphenylmethanone,1
hydroxypyran,1
benzodthiazolyl,1
substitutedhpyrazolocquinolinhones,1
tocotrienols,1
kielmeyera,1
coriacea,1
quinonoid,1
ebenzothiazole,1
antimutagenic,1
prototypes,1
exotic,1
alkoxynorlapachone,1
casearin,1
clerodane,1
casearia,1
sylvestris,1
rphenylaminomethylpropenylnaphthoquinones,1
theoretical,1
rphenylhydrazono,1
naphthalenetriones,1
croton,1
regelianus,1
ascaridole,1
cerrado,1
traditional,1
diazpifferer,1
acylamine,1
microscale,1
lytechinus,1
variegatus,1
fu,1
ait,1
elongata,1
growthinhibition,1
alginates,1
northeast,1
organisms,1
source,1
diisopentenylnmethylquinoldione,1
bangladeshi,1
rotator,1
cuff,1
tears,1
coldand,1
identified,1
receptordeficient,1
hyperigm,1
initially,1
diagnosed,1
cvid,1
cr,1
bcgitis,1
aÂ retrospective,1
cases,1
genotypic,1
lasid,1
highperformance,1
liquid,1
chromatography,1
denaturing,1
conditions,1
dhplc,1
costeffective,1
unusual,1
presentation,1
aspergillosis,1
hematologically,1
third,1
episode,1
linked,1
siblings,1
glucosephosphate,1
xlinkled,1
child,1
transcriptionpcr,1
efficiency,1
transcripts,1
interferonresponsive,1
site,1
consensus,1
intronic,1
ngr,1
rebmab,1
humanized,1
phosphate,1
napib,1
reagent,1
nanopeptides,1
specificity,1
dderived,1
ccpnna,1
purkinje,1
nsupsup,1
oligodendrocyte,1
inflammationinduced,1
attenuating,1
interrogans,1
proteolytic,1
wt,1
swainsonine,1
alphamannosidase,1
worsen,1
act,1
presenting,1
stuck,1
second,1
gear,1
infiltrating,1
beginning,1
facilitate,1
thymus,1
elucidating,1
physiological,1
naturally,1
occurring,1
advantageous,1
coliinduced,1
nonthermal,1
viscera,1
tonically,1
colddefense,1
effectors,1
crossroads,1
thermoregulatory,1
recent,1
discoveries,1
revisions,1
anapyrexia,1
nucleotides,1
oxygenasecarbon,1
normoxia,1
tcfpod,1
transcritional,1
sfnra,1
podtcf,1
shp,1
lrh,1
hepatocarcinoma,1
star,1
factorii,1
erkmap,1
mitogenic,1
fgf,1
unmasking,1
growthpromoting,1
lowintensity,1
highintensity,1
noxmediated,1
vasculature,1
pathophysiological,1
plateletderived,1
peroxynitrite,1
bcrablinduced,1
wasp,1
prameezhmediated,1
apoptosisrelated,1
myeloproliferative,1
complementaritydetermining,1
directed,1
caspasedependent,1
commitment,1
fambpander,1
bclxinflinf,1
pharmacogenomic,1
databases,1
discovering,1
patienttarget,1
bortezomib,1
ps,1
dystrophinglycoprotein,1
grmd,1
developmentrole,1
cleavage,1
butyrolactone,1
pyrogen,1
inter,1
leu,1
kin,1
bioactivity,1
proteolysisinducing,1
occult,1
choroidal,1
neovascularization,1
drusen,1
abnormalities,1
microneedles,1
transportan,1
localization,1
domaincontaining,1
exploiting,1
cheese,1
cosubstrate,1
biofilms,1
engineering,1
nonmodel,1
xylb,1
successful,1
combining,1
bioprocess,1
techniques,1
monomer,1
lfm,1
glycerol,1
temperatures,1
simultaneous,1
remotion,1
organic,1
catabolite,1
repression,1
suggest,1
alternate,1
catabolic,1
methylcitrate,1
iptsuptsup,1
accumulating,1
copolyester,1
nov,1
polyhydroxyalkanoateaccumulating,1
propionic,1
phbcohv,1
poly,1
hydroxybutyric,1
cohydroxypentenoic,1
unrelated,1
methylene,1
photoactivated,1
primed,1
indolethiazolidine,1
panagonist,1
microcirculatory,1
antiplatelet,1
mature,1
resolvin,1
cinods,1
another,1
oxidederived,1
ilinos,1
doubledeficient,1
elevates,1
oxidereleasing,1
lornoxicam,1
enzymatic,1
cilazapril,1
thermal,1
biochem,1
biophys,1
commun,1
sx,1
jbbrc,1
antiretroviral,1
retroviruses,1
became,1
restrictive,1
aspect,1
antingf,1
bilateral,1
cci,1
plantar,1
incision,1
investigation,1
fractalkine,1
neuronally,1
released,1
controlling,1
neurophatic,1
adenoassociated,1
driven,1
perisciatic,1
glia,1
mediate,1
responder,1
hi,1
hii,1
carbocysteinesobrerol,1
bronchitis,1
cys,1
ser,1
residues,1
saccharomyces,1
cerevisiae,1
gating,1
lactateupregulation,1
complexrelated,1
hyperthyroid,1
focusing,1
mlc,1
ectoenzymes,1
mothers,1
cspa,1
cspb,1
transcriptionally,1
coordinate,1
pretranslational,1
campdependent,1
blastocladiella,1
emersonii,1
cessation,1
tasks,1
monoamine,1
antenatal,1
palsy,1
clomipramine,1
noxious,1
correspondence,1
fernandes,1
al,1
oligosaccharides,1
neoplasia,1
rs,1
multiplicity,1
harboring,1
cigarette,1
ovalbumininduced,1
supbrightsup,1
memorylike,1
cxc,1
cxcl,1
imbalanced,1
basophils,1
antiige,1
stimulus,1
antiphosphorylcholine,1
lnterleukin,1
eaeinduced,1
mecamylamineprecipitated,1
nach,1
treatmentinduced,1
ec,1
fenfluramine,1
ages,1
stressrelated,1
anorectic,1
placebocontrolled,1
exertion,1
professional,1
athletes,1
supsupffluoride,1
petct,1
supmsuptcmdp,1
spectct,1
detect,1
formyl,1
delta,1
lipoxygenasederived,1
photomedicine,1
neurokinins,1
excitatory,1
facilitation,1
hgfcmet,1
value,1
intraventricular,1
zebrafish,1
tcr,1
biocontrol,1
evaluated,1
desorption,1
electrospray,1
ionization,1
cacao,1
description,1
pseudobulbs,1
oncidium,1
orchids,1
plantgrowth,1
features,1
hypocampal,1
uncovers,1
pten,1
haploinsufficient,1
lentivirusmediated,1
modulators,1
membranes,1
longevity,1
sirt,1
insulinigf,1
modulatory,1
plantaris,1
uraemia,1
alleviate,1
secosteroids,1
lowdose,1
lipogenic,1
obtaining,1
yield,1
according,1
topography,1
previous,1
note,1
lowsalt,1
epididymal,1
threemonth,1
sorghum,1
grain,1
epicoccum,1
sorghinum,1
tenuazonic,1
toxicological,1
aflatoxin,1
fumonisin,1
binfinfcontaining,1
moniliforme,1
weaned,1
piglets,1
molds,1
aflatoxins,1
dairy,1
cattle,1
feeds,1
milk,1
background,1
threefinger,1
cdlike,1
tyrsupsuphis,1
yh,1
tumoural,1
chia,1
flour,1
inoculated,1
aggravated,1
assessing,1
dropletassociated,1
exploratory,1
creatine,1
cachexiaassociated,1
rearrangement,1
nfbp,1
question,1
contributing,1
cachexiarelated,1
takes,1
supplementary,1
complementary,1
lowfrequency,1
produces,1
anorexiacachexia,1
postmi,1
congestive,1
modifies,1
zonal,1
ureaplasma,1
diversum,1
womb,1
chlamydophila,1
inoculation,1
causing,1
aggravations,1
cholesterolinduced,1
apoe,1
ko,1
vibrio,1
cholerae,1
el,1
tor,1
non,1
coefficient,1
hospital,1
complementinggroup,1
clinicopathological,1
external,1
beam,1
intensity,1
interface,1
unlike,1
synchronous,1
yoelii,1
affected,1
bases,1
game,1
disturbance,1
leprae,1
coinfected,1
toxoplasmosis,1
ocular,1
alivary,1
preliminary,1
uveoretinitis,1
inhibiting,1
endotoxininduced,1
nitroarene,1
chronicphase,1
ila,1
inflamed,1
geitlerinema,1
unigranulatum,1
cyanobacteria,1
niquim,1
itch,1
htinfinf,1
microvasculature,1
brasiliensisinduced,1
populations,1
lungs,1
resolving,1
glucocorticoidinduced,1
zipper,1
resuscitationinduced,1
footpad,1
adenovirusbased,1
reprograms,1
vectorinduced,1
recirculation,1
relevance,1
cdsupsupt,1
primeboost,1
representing,1
asexual,1
erythrocytic,1
benznidazole,1
balbc,1
falling,1
submaximal,1
cardiopulmonary,1
vaccinemediated,1
papilloma,1
virusassociated,1
herneu,1
herneuexpressing,1
hlaa,1
myeloidderived,1
multiepitope,1
sites,1
conferred,1
papillomavirusinduced,1
accr,1
self,1
gundelivered,1
suppurative,1
captive,1
goldhanded,1
saguinus,1
meca,1
readytoeat,1
dissemination,1
kpcproducing,1
lymphocyteinduced,1
infhinf,1
cutting,1
edge,1
invariant,1
nkt,1
allergeninduced,1
bcgactivated,1
oxidedependent,1
erkinduced,1
ets,1
epigenetically,1
repressed,1
supvesup,1
bioinformatics,1
qencoded,1
mirp,1
public,1
datasets,1
posttranscriptional,1
sheath,1
notch,1
mirbp,1
repressing,1
retptc,1
hras,1
supgvsup,1
developmental,1
imbalances,1
past,1
class,1
codon,1
dio,1
fail,1
restricted,1
poorly,1
arising,1
constitutive,1
retptcrasbraf,1
messenger,1
ribonucleic,1
physiopathological,1
cyanide,1
growing,1
goatsa,1
ingestion,1
cyanogenic,1
deiodinase,1
hormonedependent,1
shape,1
automatic,1
image,1
protozoan,1
genus,1
eimeria,1
dirutheniumii,1
kinfminf,1
glucosephosphorylating,1
glucokinase,1
range,1
mannoheptulose,1
cascavella,1
neutralizes,1
neutralizing,1
mimosa,1
tenuiflora,1
premolis,1
semirufa,1
caterpillar,1
bristles,1
thrombomodulin,1
intravascular,1
loxoscelism,1
bacteremia,1
chewing,1
brief,1
alter,1
multifaceted,1
covariants,1
bmc,1
pulm,1
med,1
sz,1
deciduous,1
carious,1
supragingival,1
haplotype,1
fima,1
genotypes,1
smoker,1
indices,1
colonization,1
oneyear,1
period,1
waferinsoluble,1
streptococcal,1
variables,1
mediobasal,1
potentiates,1
branchedchain,1
lufaxin,1
xa,1
sand,1
fly,1
lutzomyia,1
longipalpis,1
proteaseactivated,1
defibrotide,1
interferes,1
coagulationinflammation,1
exhibits,1
nucleosides,1
phlebotomus,1
papatasi,1
fungal,1
acutely,1
prime,1
trex,1
positivity,1
productive,1
polyomaviruses,1
overview,1
immunoexpression,1
predicts,1
uterine,1
cervix,1
ncrnas,1
origins,1
highsodium,1
weaning,1
nacl,1
ovlt,1
sense,1
fractalkinecxcl,1
attenuated,1
forebrain,1
hindbrain,1
dehydration,1
transacpd,1
pgp,1
adrenoceptoractivated,1
kidneyclip,1
driver,1
esr,1
ethanolic,1
trichoderma,1
stromaticum,1
symptomatic,1
asymptomatic,1
rif,1
cambuci,1
campomanesia,1
phaea,1
berg,1
fruit,1
highsucrose,1
ppardependent,1
pparindependent,1
ucp,1
upregulating,1
glyceroneogenesis,1
extreme,1
chelators,1
disassembling,1
percept,1
refractory,1
stored,1
cardiorespiratory,1
hypomethylation,1
pilotstudy,1
inhibit,1
serotoninergic,1
modifying,1
antiprotease,1
elafin,1
soon,1
overloaded,1
cuffinduced,1
intima,1
thickening,1
influenced,1
reestablishes,1
autophagic,1
flux,1
speckle,1
correcting,1
drifts,1
compensated,1
aldehydic,1
postmyocardial,1
alda,1
glyceraldehydephosphate,1
gapdh,1
lysosomallike,1
reoxygenationinduced,1
excessive,1
fission,1
nitroglycerin,1
iipkc,1
isozymes,1
net,1
proteasomal,1
antiremodelling,1
calcineurinnfat,1
excitotoxic,1
derivation,1
injuryresponsive,1
strokeinjured,1
aggravate,1
enhancing,1
decoy,1
alzheimerassociated,1
hydroxysteroid,1
catecholamines,1
folate,1
hscreactive,1
childhoodonset,1
plausible,1
lpsstimulated,1
ppars,1
rosiglitazone,1
avoided,1
prohibitin,1
stressing,1
chemotherapyinduced,1
nontumorbearing,1
nontumourbearing,1
macadamia,1
tea,1
lipolytic,1
fe,1
errores,1
st,1
supthsup,1
supstsup,1
interdisciplinary,1
lifestyle,1
adolescents,1
bothropstoxini,1
lysphospholipase,1
mannosebinding,1
artocarpus,1
integrifolia,1
predicted,1
tertiary,1
promotion,1
spironolactone,1
overstimulation,1
anticontractile,1
extended,1
hyperaldosteronism,1
basis,1
gicoupled,1
noninfarcted,1
femoral,1
exercised,1
concentrated,1
fine,1
particulate,1
infarcts,1
converts,1
restpotentiation,1
force,1
decay,1
cardioinflammatory,1
rising,1
suppressing,1
conductance,1
lnametreated,1
accompanied,1
phenylephrineinduced,1
pressor,1
disturbances,1
phoxbderived,1
pedunculopontine,1
direct,1
projections,1
orexinergic,1
optogenetic,1
connection,1
prebtzinger,1
connecting,1
bulbospinal,1
fluorocitratemediated,1
depolarization,1
advances,1
unravelling,1
nature,1
spongy,1
colloidal,1
solutions,1
cytoviva,1
hrtem,1
updates,1
anergic,1
attempts,1
gaas,1
myofiber,1
stroma,1
immunohistochemical,1
prox,1
difficileinduced,1
hifdependent,1
medium,1
niche,1
postischemic,1
favors,1
mirnamrna,1
aldosteroneinduced,1
arteriolar,1
hyalinosis,1
postreperfusion,1
biopsies,1
represents,1
additional,1
even,1
wellcontrolled,1
tlrmediated,1
arazyme,1
peribronchial,1
msc,1
architecture,1
crystal,1
translocation,1
flavonone,1
regression,1
losartanhydrochlorothiazide,1
hemin,1
remnant,1
undernourishment,1
pivotal,1
tubuleinterstitial,1
vimentin,1
myofibroblast,1
activate,1
journal,1
vol,1
receptorsrelated,1
threlated,1
lineagenegative,1
indicator,1
prior,1
current,1
grading,1
predict,1
younger,1
poor,1
damages,1
aggravating,1
rapamycininduced,1
nacetylcysteine,1
switched,1
renalgraft,1
pretreatment,1
reservoir,1
ebi,1
cruziinduced,1
myocarditis,1
dampening,1
ifndriven,1
polymicrobial,1
mammary,1
avium,1
pvaxhsp,1
tuberculosisinduced,1
intramuscular,1
preserved,1
angelis,1
injuryinduced,1
iva,1
labor,1
abortion,1
interline,1
crosses,1
significantly,1
pomegranate,1
peel,1
dataset,1
plos,1
stabilized,1
lifetime,1
esters,1
fahfas,1
rbp,1
antigenpresenting,1
caveolae,1
internalization,1
wounded,1
subverts,1
sphingomyelinasemediated,1
effectiveness,1
cellbased,1
mosaicism,1
infantile,1
neurologic,1
international,1
collaborative,1
reflect,1
tnfrsfa,1
pathogenetic,1
proteinhop,1
object,1
stressinducible,1
cancertestis,1
capable,1
humoral,1
aminoterminal,1
prp,1
misfolding,1
cellspecific,1
signatures,1
capture,1
bidirectionally,1
